date,walcl_bn,tga_bn,tga_asof,on_rrp_bn,on_rrp_asof,reserves_bn,reserves_asof,net_liq_bn,walcl_wow_bn,tga_wow_bn,on_rrp_wow_bn,reserves_wow_bn,net_liq_wow_bn,reserves_percentile,sofr_iorb_bp,effr_iorb_bp,rates_asof
2022-01-05,8765.721,434.757,2022-01-05,1492.787,2022-01-05,4028.460,2022-01-05,6838.177,,,,,,100.00,-10.0,-7.0,2022-01-05
2022-01-12,8788.278,489.679,2022-01-12,1536.981,2022-01-12,3928.933,2022-01-12,6761.618,22.557,54.922,44.194,-99.527,-76.559,50.00,-10.0,-7.0,2022-01-12
2022-01-19,8867.834,580.171,2022-01-19,1656.576,2022-01-19,3821.743,2022-01-19,6631.087,79.556,90.492,119.595,-107.190,-130.531,33.33,-10.0,-7.0,2022-01-19
2022-01-26,8860.485,639.620,2022-01-26,1613.046,2022-01-26,3825.076,2022-01-26,6607.819,-7.349,59.449,-43.530,3.333,-23.268,50.00,-11.0,-7.0,2022-01-26
2022-02-02,8873.211,710.267,2022-02-02,1626.895,2022-02-02,3756.617,2022-02-02,6536.049,12.726,70.647,13.849,-68.459,-71.770,20.00,-10.0,-7.0,2022-02-02
2022-02-09,8878.009,679.019,2022-02-09,1653.153,2022-02-09,3794.977,2022-02-09,6545.837,4.798,-31.248,26.258,38.360,9.788,33.33,-11.0,-7.0,2022-02-09
2022-02-16,8911.033,709.261,2022-02-16,1644.134,2022-02-16,3796.720,2022-02-16,6557.638,33.024,30.242,-9.019,1.743,11.801,42.86,-10.0,-7.0,2022-02-16
2022-02-23,8928.129,674.797,2022-02-23,1738.322,2022-02-23,3745.976,2022-02-23,6515.010,17.096,-34.464,94.188,-50.744,-42.628,12.50,-10.0,-7.0,2022-02-23
2022-03-02,8904.455,685.491,2022-03-02,1526.211,2022-03-02,3919.484,2022-03-02,6692.753,-23.674,10.694,-212.111,173.508,177.743,77.78,-10.0,-7.0,2022-03-02
2022-03-09,8910.748,609.369,2022-03-09,1542.504,2022-03-09,3953.650,2022-03-09,6758.875,6.293,-76.122,16.293,34.166,66.122,90.00,-10.0,-7.0,2022-03-09
2022-03-16,8954.306,621.527,2022-03-16,1613.637,2022-03-16,3893.412,2022-03-16,6719.142,43.558,12.158,71.133,-60.238,-39.733,63.64,-10.0,-7.0,2022-03-16
2022-03-23,8962.474,576.442,2022-03-23,1803.186,2022-03-23,3769.046,2022-03-23,6582.846,8.168,-45.085,189.549,-124.366,-136.296,25.00,-13.0,-7.0,2022-03-23
2022-03-30,8937.142,556.791,2022-03-30,1785.939,2022-03-30,3773.466,2022-03-30,6594.412,-25.332,-19.651,-17.247,4.420,11.566,30.77,-13.0,-7.0,2022-03-30
2022-04-06,8937.592,545.584,2022-04-06,1731.472,2022-04-06,3849.872,2022-04-06,6660.536,0.450,-11.207,-54.467,76.406,66.124,64.29,-10.0,-7.0,2022-04-06
2022-04-13,8965.487,543.536,2022-04-13,1815.555,2022-04-13,3793.317,2022-04-13,6606.396,27.895,-2.048,84.083,-56.555,-54.140,33.33,-11.0,-7.0,2022-04-13
2022-04-20,8955.851,907.526,2022-04-20,1866.560,2022-04-20,3326.857,2022-04-20,6181.765,-9.636,363.990,51.005,-466.460,-424.631,6.25,-13.0,-7.0,2022-04-20
2022-04-27,8939.199,957.419,2022-04-27,1803.162,2022-04-27,3327.548,2022-04-27,6178.618,-16.652,49.893,-63.398,0.691,-3.147,11.76,-12.0,-7.0,2022-04-27
2022-05-04,8939.972,964.412,2022-05-04,1815.656,2022-05-04,3313.993,2022-05-04,6159.904,0.773,6.993,12.494,-13.555,-18.714,5.56,-10.0,-7.0,2022-05-04
2022-05-11,8942.008,919.331,2022-05-11,1876.119,2022-05-11,3295.680,2022-05-11,6146.558,2.036,-45.081,60.463,-18.313,-13.346,5.26,-12.0,-7.0,2022-05-11
2022-05-18,8945.898,866.726,2022-05-18,1973.373,2022-05-18,3297.142,2022-05-18,6105.799,3.890,-52.605,97.254,1.462,-40.759,10.00,-11.0,-7.0,2022-05-18
2022-05-25,8914.281,801.714,2022-05-25,1995.750,2022-05-25,3315.018,2022-05-25,6116.817,-31.617,-65.012,22.377,17.876,11.018,19.05,-12.0,-7.0,2022-05-25
2022-06-01,8915.050,780.575,2022-06-01,1965.015,2022-06-01,3357.395,2022-06-01,6169.460,0.769,-21.139,-30.735,42.377,52.643,31.82,-10.0,-7.0,2022-06-01
2022-06-08,8918.254,683.892,2022-06-08,2140.277,2022-06-08,3292.602,2022-06-08,6094.085,3.204,-96.683,175.262,-64.793,-75.375,4.35,-14.0,-7.0,2022-06-08
2022-06-15,8932.420,769.937,2022-06-15,2162.924,2022-06-15,3189.605,2022-06-15,5999.559,14.166,86.045,22.647,-102.997,-94.526,4.17,-20.0,-7.0,2022-06-15
2022-06-22,8934.346,745.052,2022-06-22,2259.458,2022-06-22,3115.589,2022-06-22,5929.836,1.926,-24.885,96.534,-74.016,-69.723,4.00,-20.0,-7.0,2022-06-22
2022-06-29,8913.553,759.845,2022-06-29,2226.976,2022-06-29,3118.611,2022-06-29,5926.732,-20.793,14.793,-32.482,3.022,-3.104,7.69,-14.0,-7.0,2022-06-29
2022-07-06,8891.851,687.943,2022-07-06,2168.026,2022-07-06,3222.930,2022-07-06,6035.882,-21.702,-71.902,-58.950,104.319,109.150,14.81,-11.0,-7.0,2022-07-06
2022-07-13,8895.867,618.740,2022-07-13,2155.290,2022-07-13,3306.518,2022-07-13,6121.837,4.016,-69.203,-12.736,83.588,85.955,28.57,-12.0,-7.0,2022-07-13
2022-07-20,8899.213,616.348,2022-07-20,2240.204,2022-07-20,3235.172,2022-07-20,6042.661,3.346,-2.392,84.914,-71.346,-79.176,17.24,-12.0,-7.0,2022-07-20
2022-07-27,8890.004,615.515,2022-07-27,2188.994,2022-07-27,3275.609,2022-07-27,6085.495,-9.209,-0.833,-51.210,40.437,42.834,20.00,-12.0,-7.0,2022-07-27
2022-08-03,8874.620,566.577,2022-08-03,2182.238,2022-08-03,3342.517,2022-08-03,6125.805,-15.384,-48.938,-6.756,66.908,40.310,48.39,-11.0,-7.0,2022-08-03
2022-08-10,8879.138,561.140,2022-08-10,2177.646,2022-08-10,3357.493,2022-08-10,6140.352,4.518,-5.437,-4.592,14.976,14.547,53.13,-12.0,-7.0,2022-08-10
2022-08-17,8849.762,539.278,2022-08-17,2199.631,2022-08-17,3333.695,2022-08-17,6110.853,-29.376,-21.862,21.985,-23.798,-29.499,45.45,-11.0,-7.0,2022-08-17
2022-08-24,8851.436,530.196,2022-08-24,2237.072,2022-08-24,3270.912,2022-08-24,6084.168,1.674,-9.082,37.441,-62.783,-26.685,17.65,-13.0,-7.0,2022-08-24
2022-08-31,8826.093,669.911,2022-08-31,2251.025,2022-08-31,3115.846,2022-08-31,5905.157,-25.343,139.715,13.953,-155.066,-179.011,5.71,-11.0,-7.0,2022-08-31
2022-09-07,8822.401,582.921,2022-09-07,2206.987,2022-09-07,3271.336,2022-09-07,6032.493,-3.692,-86.990,-44.038,155.490,127.336,22.22,-12.0,-7.0,2022-09-07
2022-09-14,8832.759,617.997,2022-09-14,2225.579,2022-09-14,3158.694,2022-09-14,5989.183,10.358,35.076,18.592,-112.642,-43.310,10.81,-13.0,-7.0,2022-09-14
2022-09-21,8816.802,690.286,2022-09-21,2315.900,2022-09-21,3003.721,2022-09-21,5810.616,-15.957,72.289,90.321,-154.973,-178.567,2.63,-15.0,-7.0,2022-09-21
2022-09-28,8795.567,661.920,2022-09-28,2366.798,2022-09-28,2983.206,2022-09-28,5766.849,-21.235,-28.366,50.898,-20.515,-43.767,2.56,-17.0,-7.0,2022-09-28
2022-10-05,8759.053,622.131,2022-10-05,2230.799,2022-10-05,3076.450,2022-10-05,5906.123,-36.514,-39.789,-135.999,93.244,139.274,7.50,-11.0,-7.0,2022-10-05
2022-10-12,8758.969,583.513,2022-10-12,2247.206,2022-10-12,3090.307,2022-10-12,5928.250,-0.084,-38.618,16.407,13.857,22.127,9.76,-11.0,-7.0,2022-10-12
2022-10-19,8743.922,640.613,2022-10-19,2241.835,2022-10-19,3040.777,2022-10-19,5861.474,-15.047,57.100,-5.371,-49.530,-66.776,7.14,-11.0,-7.0,2022-10-19
2022-10-26,8723.090,636.327,2022-10-26,2186.856,2022-10-26,3108.146,2022-10-26,5899.907,-20.832,-4.286,-54.979,67.369,38.433,13.95,-12.0,-7.0,2022-10-26
2022-11-02,8676.870,552.089,2022-11-02,2229.861,2022-11-02,3046.975,2022-11-02,5894.920,-46.220,-84.238,43.005,-61.171,-4.987,9.09,-10.0,-7.0,2022-11-02
2022-11-09,8678.886,517.340,2022-11-09,2237.812,2022-11-09,3071.230,2022-11-09,5923.734,2.016,-34.749,7.951,24.255,28.814,11.11,-12.0,-7.0,2022-11-09
2022-11-16,8625.620,472.185,2022-11-16,2099.070,2022-11-16,3176.796,2022-11-16,6054.365,-53.266,-45.155,-138.742,105.566,130.631,28.26,-9.0,-7.0,2022-11-16
2022-11-23,8621.390,492.754,2022-11-23,2069.174,2022-11-23,3168.849,2022-11-23,6059.462,-4.230,20.569,-29.896,-7.947,5.097,27.66,-11.0,-7.0,2022-11-23
2022-11-30,8584.576,532.791,2022-11-30,2115.913,2022-11-30,3052.233,2022-11-30,5935.872,-36.814,40.037,46.739,-116.616,-123.590,10.42,-8.0,-7.0,2022-11-30
2022-12-07,8582.735,410.853,2022-12-07,2151.549,2022-12-07,3149.088,2022-12-07,6020.333,-1.841,-121.938,35.636,96.855,84.461,26.53,-10.0,-7.0,2022-12-07
2022-12-14,8583.413,342.104,2022-12-14,2192.864,2022-12-14,3170.805,2022-12-14,6048.445,0.678,-68.749,41.315,21.717,28.112,32.00,-10.0,-7.0,2022-12-14
2022-12-21,8564.411,434.922,2022-12-21,2206.965,2022-12-21,3049.325,2022-12-21,5922.524,-19.002,92.818,14.101,-121.480,-125.921,9.80,-10.0,-7.0,2022-12-21
2022-12-28,8551.169,409.809,2022-12-28,2293.003,2022-12-28,2979.738,2022-12-28,5848.357,-13.242,-25.113,86.038,-69.587,-74.167,1.92,-10.0,-7.0,2022-12-28
2023-01-04,8507.429,379.620,2023-01-04,2229.542,2023-01-04,3041.928,2023-01-04,5898.267,-43.740,-30.189,-63.461,62.190,49.910,9.43,-10.0,-7.0,2023-01-04
2023-01-11,8508.587,346.426,2023-01-11,2199.170,2023-01-11,3116.831,2023-01-11,5962.991,1.158,-33.194,-30.372,74.903,64.724,27.78,-10.0,-7.0,2023-01-11
2023-01-18,8489.039,377.500,2023-01-18,2131.678,2023-01-18,3118.236,2023-01-18,5979.861,-19.548,31.074,-67.492,1.405,16.870,29.09,-10.0,-7.0,2023-01-18
2023-01-25,8470.557,572.622,2023-01-25,2031.561,2023-01-25,3000.541,2023-01-25,5866.374,-18.482,195.122,-100.117,-117.695,-113.487,5.36,-9.0,-7.0,2023-01-25
2023-02-01,8433.610,500.852,2023-02-01,2038.262,2023-02-01,3030.286,2023-02-01,5894.496,-36.947,-71.770,6.701,29.745,28.122,8.77,-9.0,-7.0,2023-02-01
2023-02-08,8435.369,495.838,2023-02-08,2059.604,2023-02-08,3033.560,2023-02-08,5879.927,1.759,-5.014,21.342,3.274,-14.569,10.34,-10.0,-7.0,2023-02-08
2023-02-15,8384.767,439.703,2023-02-15,2011.998,2023-02-15,3107.419,2023-02-15,5933.066,-50.602,-56.135,-47.606,73.859,53.139,25.42,-10.0,-7.0,2023-02-15
2023-02-22,8382.190,451.307,2023-02-22,2113.849,2023-02-22,2983.553,2023-02-22,5817.034,-2.577,11.604,101.851,-123.866,-116.032,5.00,-10.0,-7.0,2023-02-22
2023-03-01,8339.684,351.015,2023-03-01,2133.950,2023-03-01,3027.967,2023-03-01,5854.719,-42.506,-100.292,20.101,44.414,37.685,9.84,-10.0,-7.0,2023-03-01
2023-03-08,8342.283,311.731,2023-03-08,2193.237,2023-03-08,3003.676,2023-03-08,5837.315,2.599,-39.284,59.287,-24.291,-17.404,8.06,-10.0,-8.0,2023-03-08
2023-03-15,8639.300,277.643,2023-03-15,2055.823,2023-03-15,3444.208,2023-03-15,6305.834,297.017,-34.088,-137.414,440.532,468.519,76.19,-7.0,-7.0,2023-03-15
2023-03-22,8733.787,199.856,2023-03-22,2279.608,2023-03-22,3369.986,2023-03-22,6254.323,94.487,-77.787,223.785,-74.222,-51.511,75.00,-10.0,-7.0,2023-03-22
2023-03-29,8705.942,162.758,2023-03-29,2264.862,2023-03-29,3401.800,2023-03-29,6278.322,-27.845,-37.098,-14.746,31.814,23.999,75.38,-7.0,-7.0,2023-03-29
2023-04-05,8632.384,140.688,2023-04-05,2243.011,2023-04-05,3381.350,2023-04-05,6248.685,-73.558,-22.070,-21.851,-20.450,-29.637,74.24,-9.0,-7.0,2023-04-05
2023-04-12,8614.797,86.554,2023-04-12,2303.862,2023-04-12,3347.553,2023-04-12,6224.381,-17.587,-54.134,60.851,-33.797,-24.304,68.66,-10.0,-7.0,2023-04-12
2023-04-19,8593.263,265.095,2023-04-19,2294.677,2023-04-19,3164.881,2023-04-19,6033.491,-21.534,178.541,-9.185,-182.672,-190.890,39.71,-10.0,-7.0,2023-04-19
2023-04-26,8562.768,296.209,2023-04-26,2279.561,2023-04-26,3132.099,2023-04-26,5986.998,-30.495,31.114,-15.116,-32.782,-46.493,36.23,-10.0,-7.0,2023-04-26
2023-05-03,8503.994,188.309,2023-05-03,2258.222,2023-05-03,3166.236,2023-05-03,6057.463,-58.774,-107.900,-21.339,34.137,70.465,41.43,-9.0,-7.0,2023-05-03
2023-05-10,8503.017,154.808,2023-05-10,2233.149,2023-05-10,3225.311,2023-05-10,6115.060,-0.977,-33.501,-25.073,59.075,57.597,49.30,-9.0,-7.0,2023-05-10
2023-05-17,8456.760,68.332,2023-05-17,2213.676,2023-05-17,3279.987,2023-05-17,6174.752,-46.257,-86.476,-19.473,54.676,59.692,55.56,-10.0,-7.0,2023-05-17
2023-05-24,8436.255,49.473,2023-05-24,2250.709,2023-05-24,3250.771,2023-05-24,6136.073,-20.505,-18.859,37.033,-29.216,-38.679,50.68,-10.0,-7.0,2023-05-24
2023-05-31,8385.854,48.512,2023-05-31,2254.859,2023-05-31,3205.526,2023-05-31,6082.483,-50.401,-0.961,4.150,-45.245,-53.590,45.95,-7.0,-7.0,2023-05-31
2023-06-07,8389.325,77.500,2023-06-07,2161.556,2023-06-07,3306.154,2023-06-07,6150.269,3.471,28.988,-93.303,100.628,67.786,61.33,-10.0,-7.0,2023-06-07
2023-06-14,8388.323,134.857,2023-06-14,2109.105,2023-06-14,3306.311,2023-06-14,6144.361,-1.002,57.357,-52.451,0.157,-5.908,61.84,-10.0,-7.0,2023-06-14
2023-06-21,8362.060,292.106,2023-06-21,2037.102,2023-06-21,3203.951,2023-06-21,6032.852,-26.263,157.249,-72.003,-102.360,-111.509,44.16,-10.0,-8.0,2023-06-21
2023-06-28,8340.914,408.561,2023-06-28,1945.211,2023-06-28,3176.029,2023-06-28,5987.142,-21.146,116.455,-91.891,-27.922,-45.710,41.03,-9.0,-8.0,2023-06-28
2023-07-05,8298.312,446.864,2023-07-05,1867.061,2023-07-05,3179.646,2023-07-05,5984.387,-42.602,38.303,-78.150,3.617,-2.755,43.04,-9.0,-7.0,2023-07-05
2023-07-12,8296.923,517.418,2023-07-12,1820.146,2023-07-12,3162.124,2023-07-12,5959.359,-1.389,70.554,-46.915,-17.522,-25.028,35.00,-10.0,-7.0,2023-07-12
2023-07-19,8274.552,537.441,2023-07-19,1732.804,2023-07-19,3220.590,2023-07-19,6004.307,-22.371,20.023,-87.342,58.466,44.948,48.15,-10.0,-7.0,2023-07-19
2023-07-26,8243.344,549.897,2023-07-26,1749.733,2023-07-26,3166.767,2023-07-26,5943.714,-31.208,12.456,16.929,-53.823,-60.593,37.80,-9.0,-7.0,2023-07-26
2023-08-02,8206.764,460.926,2023-08-02,1770.186,2023-08-02,3217.397,2023-08-02,5975.652,-36.580,-88.971,20.453,50.630,31.938,48.19,-10.0,-7.0,2023-08-02
2023-08-09,8208.241,432.262,2023-08-09,1796.519,2023-08-09,3228.582,2023-08-09,5979.460,1.477,-28.664,26.333,11.185,3.808,52.38,-10.0,-7.0,2023-08-09
2023-08-16,8145.727,384.814,2023-08-16,1796.725,2023-08-16,3228.952,2023-08-16,5964.188,-62.514,-47.448,0.206,0.370,-15.272,52.94,-10.0,-7.0,2023-08-16
2023-08-23,8139.066,416.031,2023-08-23,1816.533,2023-08-23,3177.380,2023-08-23,5906.502,-6.661,31.217,19.808,-51.572,-57.686,41.86,-10.0,-7.0,2023-08-23
2023-08-30,8121.316,500.702,2023-08-30,1696.819,2023-08-30,3196.542,2023-08-30,5923.795,-17.750,84.671,-119.714,19.162,17.293,44.83,-10.0,-7.0,2023-08-30
2023-09-06,8101.318,481.552,2023-09-06,1606.244,2023-09-06,3290.475,2023-09-06,6013.522,-19.998,-19.150,-90.575,93.933,89.727,61.36,-10.0,-7.0,2023-09-06
2023-09-13,8098.779,537.364,2023-09-13,1546.225,2023-09-13,3310.525,2023-09-13,6015.190,-2.539,55.812,-60.019,20.050,1.668,68.54,-10.0,-7.0,2023-09-13
2023-09-20,8024.090,661.717,2023-09-20,1486.984,2023-09-20,3144.404,2023-09-20,5875.389,-74.689,124.353,-59.241,-166.121,-139.801,28.89,-10.0,-7.0,2023-09-20
2023-09-27,8002.064,672.142,2023-09-27,1442.805,2023-09-27,3168.502,2023-09-27,5887.117,-22.026,10.425,-44.179,24.098,11.728,36.26,-8.0,-7.0,2023-09-27
2023-10-04,7955.782,678.959,2023-10-04,1342.031,2023-10-04,3240.707,2023-10-04,5934.792,-46.282,6.817,-100.774,72.205,47.675,55.43,-8.0,-7.0,2023-10-04
2023-10-11,7952.054,713.000,2023-10-11,1239.382,2023-10-11,3315.650,2023-10-11,5999.672,-3.728,34.041,-102.649,74.943,64.880,72.04,-9.0,-7.0,2023-10-11
2023-10-18,7933.162,841.103,2023-10-18,1150.781,2023-10-18,3250.230,2023-10-18,5941.278,-18.892,128.103,-88.601,-65.420,-58.394,55.32,-10.0,-7.0,2023-10-18
2023-10-25,7907.830,847.717,2023-10-25,1100.617,2023-10-25,3263.971,2023-10-25,5959.496,-25.332,6.614,-50.164,13.741,18.218,56.84,-10.0,-7.0,2023-10-25
2023-11-01,7866.664,753.008,2023-11-01,1079.462,2023-11-01,3314.630,2023-11-01,6034.194,-41.166,-94.709,-21.155,50.659,74.698,70.83,-8.0,-7.0,2023-11-01
2023-11-08,7860.691,763.459,2023-11-08,1024.451,2023-11-08,3360.426,2023-11-08,6072.781,-5.973,10.451,-55.011,45.796,38.587,80.41,-8.0,-7.0,2023-11-08
2023-11-15,7814.991,669.976,2023-11-15,944.241,2023-11-15,3483.325,2023-11-15,6200.774,-45.700,-93.483,-80.210,122.899,127.993,84.69,-8.0,-7.0,2023-11-15
2023-11-22,7810.814,693.007,2023-11-22,931.604,2023-11-22,3455.063,2023-11-22,6186.203,-4.177,23.031,-12.637,-28.262,-14.571,83.84,-9.0,-7.0,2023-11-22
2023-11-29,7796.145,753.570,2023-11-29,914.187,2023-11-29,3395.396,2023-11-29,6128.388,-14.669,60.563,-17.417,-59.667,-57.815,81.00,-9.0,-7.0,2023-11-29
2023-12-06,7737.385,667.678,2023-12-06,846.498,2023-12-06,3496.754,2023-12-06,6223.209,-58.760,-85.892,-67.689,101.358,94.821,85.15,-8.0,-7.0,2023-12-06
2023-12-13,7739.566,630.618,2023-12-13,823.329,2023-12-13,3567.772,2023-12-13,6285.619,2.181,-37.060,-23.169,71.018,62.410,85.29,-9.0,-7.0,2023-12-13
2023-12-20,7724.063,732.721,2023-12-20,779.143,2023-12-20,3477.288,2023-12-20,6212.199,-15.503,102.103,-44.186,-90.484,-73.420,82.52,-9.0,-7.0,2023-12-20
2023-12-27,7712.781,713.064,2023-12-27,818.869,2023-12-27,3434.213,2023-12-27,6180.848,-11.282,-19.657,39.726,-43.075,-31.351,79.81,-1.0,-7.0,2023-12-27
2024-01-03,7681.024,743.464,2024-01-03,719.897,2024-01-03,3459.408,2024-01-03,6217.663,-31.757,30.400,-98.972,25.195,36.815,81.90,-1.0,-7.0,2024-01-03
2024-01-10,7686.710,727.856,2024-01-10,679.961,2024-01-10,3537.383,2024-01-10,6278.893,5.686,-15.608,-39.936,77.975,61.230,84.91,-9.0,-7.0,2024-01-10
2024-01-17,7673.741,773.544,2024-01-17,590.191,2024-01-17,3592.326,2024-01-17,6310.006,-12.969,45.688,-89.770,54.943,31.113,85.98,-8.0,-7.0,2024-01-17
2024-01-24,7677.230,815.159,2024-01-24,639.560,2024-01-24,3489.709,2024-01-24,6222.511,3.489,41.615,49.369,-102.617,-87.495,82.41,-9.0,-7.0,2024-01-24
2024-01-31,7630.124,865.481,2024-01-31,615.379,2024-01-31,3411.717,2024-01-31,6149.264,-47.106,50.322,-24.181,-77.992,-73.247,76.15,-8.0,-7.0,2024-01-31
2024-02-07,7631.300,821.575,2024-02-07,553.055,2024-02-07,3555.738,2024-02-07,6256.670,1.176,-43.906,-62.324,144.021,107.406,84.55,-9.0,-7.0,2024-02-07
2024-02-14,7633.874,831.880,2024-02-14,575.332,2024-02-14,3537.469,2024-02-14,6226.662,2.574,10.305,22.277,-18.269,-30.008,83.78,-10.0,-7.0,2024-02-14
2024-02-21,7581.683,788.759,2024-02-21,574.882,2024-02-21,3523.095,2024-02-21,6218.042,-52.191,-43.121,-0.450,-14.374,-8.620,82.14,-10.0,-7.0,2024-02-21
2024-02-28,7567.807,767.672,2024-02-28,569.855,2024-02-28,3540.982,2024-02-28,6230.280,-13.876,-21.087,-5.027,17.887,12.238,84.07,-9.0,-7.0,2024-02-28
2024-03-06,7538.857,760.550,2024-03-06,456.847,2024-03-06,3620.689,2024-03-06,6321.460,-28.950,-7.122,-113.008,79.707,91.180,86.84,-9.0,-7.0,2024-03-06
2024-03-13,7541.969,748.388,2024-03-13,521.738,2024-03-13,3573.153,2024-03-13,6271.843,3.112,-12.162,64.891,-47.536,-49.617,85.22,-9.0,-7.0,2024-03-13
2024-03-20,7514.348,812.605,2024-03-20,496.245,2024-03-20,3489.577,2024-03-20,6205.498,-27.621,64.217,-25.493,-83.576,-66.345,77.59,-9.0,-7.0,2024-03-20
2024-03-27,7484.739,772.260,2024-03-27,518.357,2024-03-27,3472.403,2024-03-27,6194.122,-29.609,-40.345,22.112,-17.174,-11.376,75.21,-7.0,-7.0,2024-03-27
2024-04-03,7439.558,732.828,2024-04-03,436.631,2024-04-03,3541.167,2024-04-03,6270.099,-45.181,-39.432,-81.726,68.764,75.977,83.05,-8.0,-7.0,2024-04-03
2024-04-10,7438.176,672.537,2024-04-10,445.816,2024-04-10,3615.691,2024-04-10,6319.823,-1.382,-60.291,9.185,74.524,49.724,86.55,-9.0,-7.0,2024-04-10
2024-04-17,7405.506,929.932,2024-04-17,440.508,2024-04-17,3329.532,2024-04-17,6035.066,-32.670,257.395,-5.308,-286.159,-284.757,60.83,-9.0,-7.0,2024-04-17
2024-04-24,7402.434,929.379,2024-04-24,441.215,2024-04-24,3271.706,2024-04-24,6031.840,-3.072,-0.553,0.707,-57.826,-3.226,47.11,-9.0,-7.0,2024-04-24
2024-05-01,7362.474,890.442,2024-05-01,438.148,2024-05-01,3316.943,2024-05-01,6033.884,-39.960,-38.937,-3.067,45.237,2.044,59.02,-8.0,-7.0,2024-05-01
2024-05-08,7353.408,816.809,2024-05-08,493.427,2024-05-08,3330.687,2024-05-08,6043.172,-9.066,-73.633,55.279,13.744,9.288,61.79,-9.0,-7.0,2024-05-08
2024-05-15,7304.272,706.108,2024-05-15,443.779,2024-05-15,3416.386,2024-05-15,6154.385,-49.136,-110.701,-49.648,85.699,111.213,70.97,-9.0,-7.0,2024-05-15
2024-05-22,7299.566,710.882,2024-05-22,496.382,2024-05-22,3375.014,2024-05-22,6092.302,-4.706,4.774,52.603,-41.372,-62.083,67.20,-9.0,-7.0,2024-05-22
2024-05-29,7284.319,716.020,2024-05-29,459.314,2024-05-29,3391.075,2024-05-29,6108.985,-15.247,5.138,-37.068,16.061,16.683,68.25,-7.0,-7.0,2024-05-29
2024-06-05,7255.687,703.314,2024-06-05,371.841,2024-06-05,3457.738,2024-06-05,6180.532,-28.632,-12.706,-87.473,66.663,71.547,74.02,-7.0,-7.0,2024-06-05
2024-06-12,7258.974,650.212,2024-06-12,447.574,2024-06-12,3434.032,2024-06-12,6161.188,3.287,-53.102,75.733,-23.706,-19.344,71.09,-9.0,-7.0,2024-06-12
2024-06-19,7252.542,782.158,2024-06-19,375.542,2024-06-18,3366.166,2024-06-19,6094.842,-6.432,131.946,-72.032,-67.866,-66.346,64.34,-7.0,-7.0,2024-06-18
2024-06-26,7231.163,744.206,2024-06-26,490.156,2024-06-26,3268.895,2024-06-26,5996.801,-21.379,-37.952,114.614,-97.271,-98.041,42.31,-6.0,-7.0,2024-06-26
2024-07-03,7221.520,745.608,2024-07-03,425.898,2024-07-03,3322.165,2024-07-03,6050.014,-9.643,1.402,-64.258,53.270,53.213,56.49,-7.0,-7.0,2024-07-03
2024-07-10,7224.079,722.328,2024-07-10,422.147,2024-07-10,3341.046,2024-07-10,6079.604,2.559,-23.280,-3.751,18.881,29.590,60.61,-6.0,-7.0,2024-07-10
2024-07-17,7208.247,766.779,2024-07-17,399.401,2024-07-17,3322.446,2024-07-17,6042.067,-15.832,44.451,-22.746,-18.600,-37.537,56.39,-5.0,-7.0,2024-07-17
2024-07-24,7205.455,767.419,2024-07-24,399.121,2024-07-24,3275.885,2024-07-24,6038.915,-2.792,0.640,-0.280,-46.561,-3.152,44.78,-6.0,-7.0,2024-07-24
2024-07-31,7178.391,854.001,2024-07-31,413.200,2024-07-31,3178.700,2024-07-31,5911.190,-27.064,86.582,14.079,-97.185,-127.725,28.89,-2.0,-7.0,2024-07-31
2024-08-07,7175.256,785.233,2024-08-07,286.660,2024-08-07,3372.916,2024-08-07,6103.363,-3.135,-68.768,-126.540,194.216,192.173,66.91,-7.0,-7.0,2024-08-07
2024-08-14,7177.688,788.823,2024-08-14,328.472,2024-08-14,3338.916,2024-08-14,6060.393,2.432,3.590,41.812,-34.000,-42.970,60.58,-7.0,-7.0,2024-08-14
2024-08-21,7139.952,734.727,2024-08-21,321.329,2024-08-21,3359.078,2024-08-21,6083.896,-37.736,-54.096,-7.143,20.162,23.503,64.49,-9.0,-7.0,2024-08-21
2024-08-28,7123.238,757.077,2024-08-28,388.890,2024-08-28,3244.959,2024-08-28,5977.271,-16.714,22.350,67.561,-114.119,-106.625,38.13,-5.0,-7.0,2024-08-28
2024-09-04,7112.567,771.047,2024-09-04,337.312,2024-09-04,3264.604,2024-09-04,6004.208,-10.671,13.970,-51.578,19.645,26.937,40.71,-5.0,-7.0,2024-09-04
2024-09-11,7115.001,725.577,2024-09-11,279.215,2024-09-11,3359.741,2024-09-11,6110.209,2.434,-45.470,-58.097,95.137,106.001,65.25,-8.0,-7.0,2024-09-11
2024-09-18,7109.137,839.398,2024-09-18,305.831,2024-09-18,3216.822,2024-09-18,5963.908,-5.864,113.821,26.616,-142.919,-146.301,31.69,-7.0,-7.0,2024-09-18
2024-09-25,7080.059,778.910,2024-09-25,416.193,2024-09-25,3141.565,2024-09-25,5884.956,-29.078,-60.488,110.362,-75.257,-78.952,18.18,-6.0,-7.0,2024-09-25
2024-10-02,7046.925,823.412,2024-10-02,383.398,2024-10-02,3097.210,2024-10-02,5840.115,-33.134,44.502,-32.795,-44.355,-44.841,12.50,2.0,-7.0,2024-10-02
2024-10-09,7046.840,787.395,2024-10-09,343.448,2024-10-09,3197.045,2024-10-09,5915.997,-0.085,-36.017,-39.950,99.835,75.882,31.03,-7.0,-7.0,2024-10-09
2024-10-16,7039.284,814.751,2024-10-16,272.028,2024-10-16,3228.838,2024-10-16,5952.505,-7.556,27.356,-71.420,31.793,36.508,36.99,-4.0,-7.0,2024-10-16
2024-10-23,7029.408,817.410,2024-10-23,270.839,2024-10-23,3228.462,2024-10-23,5941.159,-9.876,2.659,-1.189,-0.376,-11.346,36.05,-7.0,-7.0,2024-10-23
2024-10-30,7013.490,847.137,2024-10-30,228.946,2024-10-30,3215.794,2024-10-30,5937.407,-15.918,29.727,-41.893,-12.668,-3.752,32.43,-9.0,-7.0,2024-10-30
2024-11-06,6994.299,840.227,2024-11-06,177.871,2024-11-06,3255.532,2024-11-06,5976.201,-19.191,-6.910,-51.075,39.738,38.794,42.28,-9.0,-7.0,2024-11-06
2024-11-13,6967.108,808.857,2024-11-13,238.106,2024-11-13,3192.048,2024-11-13,5920.145,-27.191,-31.370,60.235,-63.484,-56.056,29.33,-6.0,-7.0,2024-11-13
2024-11-20,6923.731,737.834,2024-11-20,217.793,2024-11-20,3267.319,2024-11-20,5968.104,-43.377,-71.023,-20.313,75.271,47.959,44.37,-9.0,-7.0,2024-11-20
2024-11-27,6905.140,782.704,2024-11-27,169.815,2024-11-27,3234.035,2024-11-27,5952.621,-18.591,44.870,-47.978,-33.284,-15.483,38.82,-8.0,-7.0,2024-11-27
2024-12-04,6895.827,815.011,2024-12-04,162.866,2024-12-04,3216.149,2024-12-04,5917.950,-9.313,32.307,-6.949,-17.886,-34.671,32.68,-6.0,-7.0,2024-12-04
2024-12-11,6897.485,711.354,2024-12-11,180.120,2024-12-11,3273.805,2024-12-11,6006.011,1.658,-103.657,17.254,57.656,88.061,48.05,-3.0,-7.0,2024-12-11
2024-12-18,6889.332,803.975,2024-12-18,131.651,2024-12-18,3237.459,2024-12-18,5953.706,-8.153,92.621,-48.469,-36.346,-52.305,40.00,-8.0,-7.0,2024-12-18
2024-12-25,6885.963,735.039,2024-12-25,180.989,2024-12-24,3218.476,2024-12-25,5969.935,-3.369,-68.936,49.338,-18.983,16.229,33.97,0.0,-7.0,2024-12-24
2025-01-01,6852.491,721.892,2025-01-01,473.460,2024-12-31,2892.359,2025-01-01,5657.139,-33.472,-13.147,292.471,-326.117,-312.796,0.64,9.0,-7.0,2024-12-31
2025-01-08,6853.554,620.531,2025-01-08,185.144,2025-01-08,3332.435,2025-01-08,6047.879,1.063,-101.361,-288.316,440.076,390.740,63.29,-11.0,-7.0,2025-01-08
2025-01-15,6834.070,651.187,2025-01-15,119.977,2025-01-15,3359.041,2025-01-15,6062.906,-19.484,30.656,-65.167,26.606,15.027,67.92,-12.0,-7.0,2025-01-15
2025-01-22,6831.760,665.485,2025-01-22,123.981,2025-01-22,3331.196,2025-01-22,6042.294,-2.310,14.298,4.004,-27.845,-20.612,62.50,-10.0,-7.0,2025-01-22
2025-01-29,6818.186,811.549,2025-01-29,121.842,2025-01-29,3200.654,2025-01-29,5884.795,-13.574,146.064,-2.139,-130.542,-157.499,29.81,-5.0,-7.0,2025-01-29
2025-02-05,6810.935,817.953,2025-02-05,78.788,2025-02-05,3233.328,2025-02-05,5914.194,-7.251,6.404,-43.054,32.674,29.399,38.89,-7.0,-7.0,2025-02-05
2025-02-12,6813.513,809.154,2025-02-12,67.670,2025-02-12,3255.407,2025-02-12,5936.689,2.578,-8.799,-11.118,22.079,22.495,43.56,-8.0,-7.0,2025-02-12
2025-02-19,6782.332,738.938,2025-02-19,73.196,2025-02-19,3276.141,2025-02-19,5970.198,-31.181,-70.216,5.526,20.734,33.509,50.61,-5.0,-7.0,2025-02-19
2025-02-26,6766.101,568.550,2025-02-26,126.058,2025-02-26,3380.755,2025-02-26,6071.493,-16.231,-170.388,52.862,104.614,101.295,73.33,-7.0,-7.0,2025-02-26
2025-03-05,6756.764,522.818,2025-03-05,139.493,2025-03-05,3381.174,2025-03-05,6094.453,-9.337,-45.732,13.435,0.419,22.960,73.49,-6.0,-7.0,2025-03-05
2025-03-12,6759.571,450.713,2025-03-12,131.055,2025-03-12,3459.687,2025-03-12,6177.803,2.807,-72.105,-8.438,78.513,83.350,80.84,-9.0,-7.0,2025-03-12
2025-03-19,6755.982,415.799,2025-03-19,193.378,2025-03-19,3425.713,2025-03-19,6146.805,-3.589,-34.914,62.323,-33.974,-30.998,76.79,-11.0,-7.0,2025-03-19
2025-03-26,6740.253,315.970,2025-03-26,241.371,2025-03-26,3450.550,2025-03-26,6182.912,-15.729,-99.829,47.993,24.837,36.107,78.70,-5.0,-7.0,2025-03-26
2025-04-02,6723.452,301.624,2025-04-02,233.488,2025-04-02,3427.049,2025-04-02,6188.340,-16.801,-14.346,-7.883,-23.501,5.428,76.47,-3.0,-7.0,2025-04-02
2025-04-09,6727.416,315.189,2025-04-09,168.115,2025-04-09,3484.345,2025-04-09,6244.112,3.964,13.565,-65.373,57.296,55.772,83.04,2.0,-7.0,2025-04-09
2025-04-16,6727.113,638.783,2025-04-16,54.772,2025-04-16,3280.845,2025-04-16,6033.558,-0.303,323.594,-113.343,-203.500,-210.554,49.42,-9.0,-7.0,2025-04-16
2025-04-23,6726.930,576.159,2025-04-23,171.780,2025-04-23,3208.915,2025-04-23,5978.991,-0.183,-62.624,117.008,-71.930,-54.567,29.48,-12.0,-7.0,2025-04-23
2025-04-30,6709.277,677.657,2025-04-30,250.601,2025-04-30,3000.277,2025-04-30,5781.019,-17.653,101.498,78.821,-208.638,-197.972,2.87,1.0,-7.0,2025-04-30
2025-05-07,6710.889,595.860,2025-05-07,154.859,2025-05-07,3200.619,2025-05-07,5960.170,1.612,-81.797,-95.742,200.342,179.151,28.00,-10.0,-7.0,2025-05-07
2025-05-14,6713.270,562.433,2025-05-14,165.024,2025-05-14,3235.715,2025-05-14,5985.813,2.381,-33.427,10.165,35.096,25.643,39.20,-11.0,-7.0,2025-05-14
2025-05-21,6688.726,475.886,2025-05-21,162.802,2025-05-21,3283.765,2025-05-21,6050.038,-24.544,-86.547,-2.222,48.050,64.225,50.85,-14.0,-7.0,2025-05-21
2025-05-28,6673.244,436.627,2025-05-28,173.641,2025-05-28,3294.014,2025-05-28,6062.976,-15.482,-39.259,10.839,10.249,12.938,52.25,-7.0,-7.0,2025-05-28
2025-06-04,6672.885,376.160,2025-06-04,168.882,2025-06-04,3361.938,2025-06-04,6127.843,-0.359,-60.467,-4.759,67.924,64.867,69.27,-12.0,-7.0,2025-06-04
2025-06-11,6677.155,277.025,2025-06-11,204.625,2025-06-11,3429.675,2025-06-11,6195.505,4.270,-99.135,35.743,67.737,67.662,77.22,-12.0,-7.0,2025-06-11
2025-06-18,6681.056,383.851,2025-06-18,205.050,2025-06-18,3322.991,2025-06-18,6092.155,3.901,106.826,0.425,-106.684,-103.350,59.12,-12.0,-7.0,2025-06-18
2025-06-25,6662.200,334.579,2025-06-25,210.879,2025-06-25,3347.274,2025-06-25,6116.742,-18.856,-49.272,5.829,24.283,24.587,64.84,-4.0,-7.0,2025-06-25
2025-07-02,6659.598,372.232,2025-07-02,237.307,2025-07-02,3256.502,2025-07-02,6050.059,-2.602,37.653,26.428,-90.772,-66.683,42.08,0.0,-7.0,2025-07-02
2025-07-09,6661.912,311.048,2025-07-09,227.273,2025-07-09,3341.999,2025-07-09,6123.591,2.314,-61.184,-10.034,85.497,73.532,64.13,-8.0,-7.0,2025-07-09
2025-07-16,6659.273,312.085,2025-07-16,197.086,2025-07-16,3375.036,2025-07-16,6150.102,-2.639,1.037,-30.187,33.037,26.511,71.89,-6.0,-7.0,2025-07-16
2025-07-23,6657.715,333.538,2025-07-23,189.632,2025-07-23,3358.382,2025-07-23,6134.545,-1.558,21.453,-7.454,-16.654,-15.557,66.67,-12.0,-7.0,2025-07-23
2025-07-30,6642.578,419.446,2025-07-30,155.481,2025-07-30,3299.696,2025-07-30,6067.651,-15.137,85.908,-34.151,-58.686,-66.894,51.87,-8.0,-7.0,2025-07-30
2025-08-06,6640.843,464.315,2025-08-06,91.966,2025-08-06,3330.372,2025-08-06,6084.562,-1.735,44.869,-63.515,30.676,16.911,60.11,-6.0,-7.0,2025-08-06
2025-08-13,6643.615,515.469,2025-08-13,57.202,2025-08-13,3328.346,2025-08-13,6070.944,2.772,51.154,-34.764,-2.026,-13.618,59.26,-7.0,-7.0,2025-08-13
2025-08-20,6618.415,526.063,2025-08-20,34.999,2025-08-20,3297.635,2025-08-20,6057.353,-25.200,10.594,-22.203,-30.711,-13.591,51.05,-9.0,-7.0,2025-08-20
2025-08-27,6603.384,595.798,2025-08-27,34.744,2025-08-27,3216.851,2025-08-27,5972.842,-15.031,69.735,-0.255,-80.784,-84.511,29.84,-4.0,-7.0,2025-08-27
2025-09-03,6602.071,661.939,2025-09-03,17.923,2025-09-03,3167.905,2025-09-03,5922.209,-1.313,66.141,-16.821,-48.946,-50.633,19.27,-1.0,-7.0,2025-09-03
2025-09-10,6605.962,667.585,2025-09-10,29.400,2025-09-10,3150.913,2025-09-10,5908.977,3.891,5.646,11.477,-16.992,-13.232,16.58,-1.0,-7.0,2025-09-10
2025-09-17,6608.597,807.142,2025-09-17,13.963,2025-09-17,3020.352,2025-09-17,5787.492,2.635,139.557,-15.437,-130.561,-121.485,4.64,-2.0,-7.0,2025-09-17
2025-09-24,6608.395,757.970,2025-09-24,29.172,2025-09-24,2999.692,2025-09-24,5821.253,-0.202,-49.172,15.209,-20.660,33.761,2.56,-2.0,-6.0,2025-09-24
2025-10-01,6587.119,819.378,2025-10-01,10.179,2025-10-01,2979.594,2025-10-01,5757.562,-21.276,61.408,-18.993,-20.098,-63.691,1.02,5.0,-6.0,2025-10-01
2025-10-08,6590.815,794.054,2025-10-08,5.231,2025-10-08,3033.855,2025-10-08,5791.530,3.696,-25.324,-4.948,54.261,33.968,7.61,-3.0,-5.0,2025-10-08
2025-10-15,6596.454,851.952,2025-10-15,5.484,2025-10-15,2988.202,2025-10-15,5739.018,5.639,57.898,0.253,-45.653,-52.512,3.03,14.0,-5.0,2025-10-15
2025-10-22,6589.533,905.074,2025-10-22,4.005,2025-10-22,2929.637,2025-10-22,5680.454,-6.921,53.122,-1.479,-58.565,-58.564,1.01,6.0,-4.0,2025-10-22
2025-10-29,6587.034,983.859,2025-10-29,19.504,2025-10-29,2827.909,2025-10-29,5583.671,-2.499,78.785,15.499,-101.728,-96.783,0.50,12.0,-3.0,2025-10-29
2025-11-05,6572.732,942.700,2025-11-05,12.814,2025-11-05,2851.923,2025-11-05,5617.218,-14.302,-41.159,-6.690,24.014,33.547,1.00,1.0,-3.0,2025-11-05
2025-11-12,6580.462,943.145,2025-11-12,5.886,2025-11-12,2883.340,2025-11-12,5631.431,7.730,0.445,-6.928,31.417,14.213,1.49,8.0,-3.0,2025-11-12
2025-11-19,6555.283,900.832,2025-11-19,1.129,2025-11-19,2917.531,2025-11-19,5653.322,-25.179,-42.313,-4.757,34.191,21.891,2.46,1.0,-2.0,2025-11-19
2025-11-26,6552.419,899.678,2025-11-26,2.217,2025-11-26,2897.987,2025-11-26,5650.524,-2.864,-1.154,1.088,-19.544,-2.798,2.45,15.0,-2.0,2025-11-26
2025-12-03,6535.781,908.523,2025-12-03,2.514,2025-12-03,2878.164,2025-12-03,5624.744,-16.638,8.845,0.297,-19.823,-25.780,1.46,5.0,-1.0,2025-12-03
2025-12-10,6539.303,805.827,2025-12-10,5.045,2025-12-10,2973.767,2025-12-10,5728.431,3.522,-102.696,2.531,95.603,103.687,4.37,0.0,-1.0,2025-12-10
2025-12-17,6556.861,861.417,2025-12-17,10.361,2025-12-17,2933.652,2025-12-17,5685.083,17.558,55.590,5.316,-40.115,-43.348,4.35,4.0,-1.0,2025-12-17
2025-12-24,6581.231,801.537,2025-12-24,4.803,2025-12-24,2980.514,2025-12-24,5774.891,24.370,-59.880,-5.558,46.862,89.808,6.25,1.0,-1.0,2025-12-24
2025-12-31,6640.618,872.853,2025-12-31,105.993,2025-12-31,2853.441,2025-12-31,5661.772,59.387,71.316,101.190,-127.073,-113.119,1.44,22.0,-1.0,2025-12-31
2026-01-07,6573.602,783.571,2026-01-07,4.582,2026-01-07,3022.997,2026-01-07,5785.449,-67.016,-89.282,-101.411,169.556,123.677,11.43,0.0,-1.0,2026-01-07
2026-01-14,6581.700,777.061,2026-01-14,3.223,2026-01-14,3061.760,2026-01-14,5801.416,8.098,-6.510,-1.359,38.763,15.967,16.11,-1.0,-1.0,2026-01-14
2026-01-21,6584.580,871.169,2026-01-21,3.344,2026-01-21,2956.525,2026-01-21,5710.067,2.880,94.108,0.121,-105.235,-91.349,5.19,-2.0,-1.0,2026-01-21
2026-01-28,6587.568,952.705,2026-01-28,1.103,2026-01-28,2882.940,2026-01-28,5633.760,2.988,81.536,-2.241,-73.585,-76.307,2.35,-1.0,-1.0,2026-01-28
2026-02-04,6605.909,907.737,2026-02-04,2.414,2026-02-04,2937.493,2026-02-04,5695.758,18.341,-44.968,1.311,54.553,61.998,5.61,0.0,-1.0,2026-02-04
2026-02-11,6622.382,910.533,2026-02-11,1.048,2026-02-11,2958.493,2026-02-11,5710.801,16.473,2.796,-1.366,21.000,15.043,6.51,0.0,-1.0,2026-02-11
2026-02-18,6613.395,888.854,2026-02-18,0.856,2026-02-18,2959.961,2026-02-18,5723.685,-8.987,-21.679,-0.192,1.468,12.884,6.94,8.0,-1.0,2026-02-18
2026-02-25,6613.797,838.975,2026-02-25,1.159,2026-02-25,3004.429,2026-02-25,5773.663,0.402,-49.879,0.303,44.468,49.978,12.90,2.0,-1.0,2026-02-25
2026-03-04,6628.894,846.979,2026-03-04,0.877,2026-03-04,3013.716,2026-03-04,5781.038,15.097,8.004,-0.282,9.287,7.375,13.30,2.0,-1.0,2026-03-04
2026-03-11,6646.344,805.806,2026-03-11,0.552,2026-03-11,3073.151,2026-03-11,5839.986,17.450,-41.173,-0.325,59.435,58.948,19.63,-1.0,-1.0,2026-03-11
2026-03-18,6655.939,875.833,2026-03-18,0.698,2026-03-18,2998.809,2026-03-18,5779.408,9.595,70.027,0.146,-74.342,-60.578,10.45,-3.0,-1.0,2026-03-18
2026-03-25,6657.161,837.412,2026-03-25,0.777,2026-03-25,3036.073,2026-03-25,5818.972,1.222,-38.421,0.079,37.264,39.564,16.74,-1.0,-1.0,2026-03-25
2026-04-01,6675.344,803.553,2026-04-01,2.107,2026-04-01,3064.460,2026-04-01,5869.684,18.183,-33.859,1.330,28.387,50.712,19.82,0.0,-1.0,2026-04-01
2026-04-08,6693.871,697.079,2026-04-08,0.177,2026-04-08,3183.533,2026-04-08,5996.615,18.527,-106.474,-1.930,119.073,126.931,34.08,-6.0,-1.0,2026-04-08
2026-04-15,6705.696,924.435,2026-04-15,0.223,2026-04-15,2980.186,2026-04-15,5781.038,11.825,227.356,0.046,-203.347,-215.577,8.48,7.0,-1.0,2026-04-15
2026-04-22,6707.419,1007.172,2026-04-22,0.538,2026-04-22,2914.576,2026-04-22,5699.709,1.723,82.737,0.315,-65.610,-81.329,4.00,-1.0,-1.0,2026-04-22
2026-04-29,6699.950,988.102,2026-04-29,0.747,2026-04-29,2919.153,2026-04-29,5711.101,-7.469,-19.070,0.209,4.577,11.392,4.87,-2.0,-1.0,2026-04-29
2026-05-06,6709.505,862.757,2026-05-06,1.633,2026-05-06,3051.481,2026-05-06,5845.115,9.555,-125.345,0.886,132.328,134.014,19.82,-4.0,-1.0,2026-05-06
2026-05-13,6728.502,807.420,2026-05-13,3.719,2026-05-13,3117.367,2026-05-13,5917.363,18.997,-55.337,2.086,65.886,72.248,25.88,-6.0,-2.0,2026-05-13
2026-05-20,6713.643,781.979,2026-05-20,24.867,2026-05-20,3106.715,2026-05-20,5906.797,-14.859,-25.441,21.148,-10.652,-10.566,23.58,-15.0,-3.0,2026-05-20
2026-05-27,6704.383,842.660,2026-05-27,1.853,2026-05-27,3067.025,2026-05-27,5859.870,-9.260,60.681,-23.014,-39.690,-46.927,21.30,-2.0,-3.0,2026-05-27
2026-06-03,6711.495,845.722,2026-06-03,2.062,2026-06-03,3045.654,2026-06-03,5863.711,7.112,3.062,0.209,-21.371,3.841,18.61,-4.0,-3.0,2026-06-03
2026-06-10,6725.397,801.084,2026-06-10,0.387,2026-06-10,3111.454,2026-06-10,5923.926,13.902,-44.638,-1.675,65.800,60.215,25.43,-6.0,-3.0,2026-06-10
2026-06-17,6736.424,956.502,2026-06-17,6.828,2026-06-17,2936.355,2026-06-17,5773.094,11.027,155.418,6.441,-175.099,-150.832,6.01,-2.0,-2.0,2026-06-17
2026-06-24,6735.645,901.845,2026-06-24,4.534,2026-06-24,2954.465,2026-06-24,5829.266,-0.779,-54.657,-2.294,18.110,56.172,6.84,-3.0,-2.0,2026-06-24
2026-07-01,6724.564,807.359,2026-07-01,1.001,2026-07-01,3077.019,2026-07-01,5916.204,-11.081,-94.486,-3.533,122.554,86.938,23.83,1.0,-2.0,2026-07-01
2026-07-08,6735.609,749.244,2026-07-08,3.347,2026-07-08,3137.377,2026-07-08,5983.018,11.045,-58.115,2.346,60.358,66.814,29.66,-7.0,-3.0,2026-07-08
2026-07-15,6743.028,795.976,2026-07-15,0.151,2026-07-15,3100.448,2026-07-15,5946.901,7.419,46.732,-3.196,-36.929,-36.117,24.89,-1.0,-2.0,2026-07-15
2026-07-22,6747.378,835.417,2026-07-22,0.376,2026-07-22,3064.896,2026-07-22,5911.585,4.350,39.441,0.225,-35.552,-35.316,21.85,-3.0,-2.0,2026-07-22
2026-07-29,6738.190,970.442,2026-07-29,2.576,2026-07-29,2944.541,2026-07-29,5765.172,-9.188,135.025,2.200,-120.355,-146.413,6.69,0.0,-2.0,2026-07-29
2026-08-05,6748.567,929.325,2026-08-05,1.650,2026-08-05,3002.731,2026-08-05,5817.592,10.377,-41.117,-0.926,58.190,52.420,13.75,-1.0,-2.0,2026-08-05
2026-08-12,6759.955,959.405,2026-08-12,0.725,2026-08-12,2947.630,2026-08-12,5799.825,11.388,30.080,-0.925,-55.101,-17.767,7.05,-3.0,-2.0,2026-08-12
2026-08-19,6745.699,936.406,2026-08-19,0.317,2026-08-19,2930.817,2026-08-19,5808.976,-14.256,-22.999,-0.408,-16.813,9.151,5.37,-3.0,-2.0,2026-08-19
2026-08-26,6730.912,959.435,2026-08-26,0.702,2026-08-26,2916.824,2026-08-26,5770.775,-14.787,23.029,0.385,-13.993,-38.201,4.12,-1.0,-2.0,2026-08-26
2026-09-02,6737.204,944.364,2026-09-02,0.525,2026-09-02,2929.285,2026-09-02,5792.315,6.292,-15.071,-0.177,12.461,21.540,5.33,0.0,-2.0,2026-09-02
2026-09-09,6740.619,843.705,2026-09-09,0.432,2026-09-09,3036.508,2026-09-09,5896.482,3.415,-100.659,-0.093,107.223,104.167,20.00,-1.0,-2.0,2026-09-09
2026-09-16,6746.548,991.708,2026-09-16,5.375,2026-09-16,2921.536,2026-09-16,5749.465,5.929,148.003,4.943,-114.972,-147.017,5.28,-3.0,-2.0,2026-09-16
2026-09-23,6747.704,947.317,2026-09-23,0.461,2026-09-23,2969.922,2026-09-23,5799.926,1.156,-44.391,-4.914,48.386,50.461,10.53,-3.0,-2.0,2026-09-23
