date,ticker,company,market,close,day_pct,rsi,eps_sum,forward_pe,target_pe,triggered,next_fy_eps,revision_30d,up30,down30,revision_signal,status,flags,is_trading_day,eps_unit,source
2026-09-09,0700.HK,Tencent Holdings Ltd.,,427.20,,38.31,,,,0,30.91,-4.92,3,26,强下修,NOT_COVERED,,,,美港股盈利跟踪_2026-09-09.md
2026-09-09,AAPL,Apple Inc.,,315.34,,49.40,9.47,33.30,20,0,9.57,0.14,6,24,强下修,OK,,,,美港股盈利跟踪_2026-09-09.md
2026-09-09,ADBE,ADOBE INC.,,254.86,,43.00,24.51,10.40,8,0,27.50,0.04,,,样本不足,OK,LOW_SAMPLE,,,美港股盈利跟踪_2026-09-09.md
2026-09-09,AMZN,AMAZON COM INC,,252.40,,44.06,8.98,28.11,20,0,10.49,0.69,43,4,强上修,OK,,,,美港股盈利跟踪_2026-09-09.md
2026-09-09,AVGO,Broadcom Inc.,,364.38,,43.19,15.33,23.77,20,0,19.39,-0.87,6,1,强上修,OK,DIVERGENCE,,,美港股盈利跟踪_2026-09-09.md
2026-09-09,COIN,"Coinbase Global, Inc.",,174.72,,51.25,0.91,192.00,,0,2.74,-11.18,0,20,强下修,OK,DIVERGENCE,,,美港股盈利跟踪_2026-09-09.md
2026-09-09,CRCL,"Circle Internet Group, Inc.",,92.99,,57.34,1.30,71.53,,0,1.39,0.30,5,8,温和下修,OK,,,,美港股盈利跟踪_2026-09-09.md
2026-09-09,GOOGL,Alphabet Inc.,,330.65,,39.48,12.88,25.67,20,0,14.86,0.64,10,2,强上修,OK,,,,美港股盈利跟踪_2026-09-09.md
2026-09-09,HOOD,"Robinhood Markets, Inc.",,115.28,,58.63,2.29,50.34,,0,2.78,2.99,11,4,强上修,OK,DIVERGENCE,,,美港股盈利跟踪_2026-09-09.md
2026-09-09,INTC,INTEL CORP,,106.24,,63.36,1.69,62.86,,0,2.04,0.03,33,0,强上修,OK,DIVERGENCE,,,美港股盈利跟踪_2026-09-09.md
2026-09-09,IREN,IREN Ltd,,45.37,,57.18,,,,0,-0.27,,,,样本不足,NEGATIVE_EPS,"LOW_BASE,LOW_SAMPLE",,,美港股盈利跟踪_2026-09-09.md
2026-09-09,MARA,"MARA Holdings, Inc.",,11.92,,56.21,,,,0,-1.15,16.97,,,样本不足,NEGATIVE_EPS,LOW_SAMPLE,,,美港股盈利跟踪_2026-09-09.md
2026-09-09,MCD,MCDONALDS CORP,,253.48,,33.38,13.08,19.38,20,1,13.98,-0.96,3,26,强下修,OK,,,,美港股盈利跟踪_2026-09-09.md
2026-09-09,MSFT,MICROSOFT CORP,,491.65,,54.82,19.44,25.29,,0,23.57,0.42,19,3,强上修,OK,DIVERGENCE,,,美港股盈利跟踪_2026-09-09.md
2026-09-09,MSTR,Strategy Inc,,132.70,,58.57,30.50,4.35,,0,13.83,165.92,4,1,温和上修,OK,DIVERGENCE,,,美港股盈利跟踪_2026-09-09.md
2026-09-09,MU,MICRON TECHNOLOGY INC,,1027.77,,60.62,143.28,7.17,6,0,155.03,-0.02,2,2,中性,OK,,,,美港股盈利跟踪_2026-09-09.md
2026-09-09,NKE,"NIKE, Inc.",,37.35,,36.68,1.71,21.84,20,0,2.22,-0.80,1,5,温和下修,OK,DIVERGENCE,,,美港股盈利跟踪_2026-09-09.md
2026-09-09,NOW,"ServiceNow, Inc.",,131.11,,51.52,4.55,28.82,20,0,5.01,-0.01,17,19,中性,OK,,,,美港股盈利跟踪_2026-09-09.md
2026-09-09,NVDA,NVIDIA CORP,,223.67,,54.32,12.05,18.56,15,0,15.52,20.90,39,0,强上修,OK,DIVERGENCE,,,美港股盈利跟踪_2026-09-09.md
2026-09-09,ORCL,ORACLE CORP,,161.63,,62.43,7.86,20.56,15,0,10.97,0.72,3,0,温和上修,OK,DIVERGENCE,,,美港股盈利跟踪_2026-09-09.md
2026-09-09,PDD,PDD Holdings Inc.,,78.61,,31.69,11.15,7.05,7,0,83.32,0.89,11,12,中性,OK,DIVERGENCE,,,美港股盈利跟踪_2026-09-09.md
2026-09-09,SNDK,Sandisk Corp,,1764.17,,62.24,206.02,8.56,6,0,264.72,6.56,7,4,温和上修,OK,DIVERGENCE,,,美港股盈利跟踪_2026-09-09.md
2026-09-09,TME,Tencent Music Entertainment Group,,7.89,,31.83,0.88,8.97,,0,6.75,-5.90,2,17,强下修,OK,DIVERGENCE,,,美港股盈利跟踪_2026-09-09.md
2026-09-09,TSM,TAIWAN SEMICONDUCTOR MANUFACTURING CO LTD,,435.36,,59.11,19.69,22.11,20,0,21.93,1.47,9,0,强上修,OK,,,,美港股盈利跟踪_2026-09-09.md
2026-09-10,0700.HK,,,428.60,0.70,39.94,34.56,12.40,,0,30.91,,3,26,强下修,OK,"BQ_NOT_COVERED,MANUAL_EPS_4Q=34.56",,CNY,盈利跟踪_2026-09-10.md
2026-09-10,AAPL,,,326.57,3.56,58.99,9.47,34.48,20,0,9.57,0.14,6,24,强下修,OK,,,USD,盈利跟踪_2026-09-10.md
2026-09-10,ADBE,,,248.83,-2.37,40.15,24.51,10.15,8,0,27.50,0.04,,,样本不足,OK,LOW_SAMPLE,,USD,盈利跟踪_2026-09-10.md
2026-09-10,AMZN,,,251.89,-0.20,43.62,8.98,28.05,20,0,10.49,0.69,43,4,强上修,OK,,,USD,盈利跟踪_2026-09-10.md
2026-09-10,AVGO,,,360.83,-0.97,41.40,15.33,23.54,20,0,19.39,-0.87,6,1,强上修,OK,,,USD,盈利跟踪_2026-09-10.md
2026-09-10,COIN,,,172.28,-1.40,49.99,0.91,189.32,,0,2.74,-11.18,0,20,强下修,OK,,,USD,盈利跟踪_2026-09-10.md
2026-09-10,CRCL,,,90.32,-2.87,54.72,1.30,69.48,,0,1.39,0.30,5,8,温和下修,OK,,,USD,盈利跟踪_2026-09-10.md
2026-09-10,GOOGL,,,332.60,0.59,41.40,12.88,25.82,20,0,14.86,0.64,10,2,强上修,OK,,,USD,盈利跟踪_2026-09-10.md
2026-09-10,HOOD,,,113.33,-1.69,56.60,2.29,49.49,,0,2.78,2.99,11,4,强上修,OK,,,USD,盈利跟踪_2026-09-10.md
2026-09-10,INTC,,,100.32,-5.57,54.79,1.69,59.36,,0,2.04,0.03,33,0,强上修,OK,,,USD,盈利跟踪_2026-09-10.md
2026-09-10,IREN,,,43.64,-3.81,53.75,,,,0,-0.27,,,,样本不足,NEGATIVE_EPS,LOW_SAMPLE,,USD,盈利跟踪_2026-09-10.md
2026-09-10,MARA,,,11.43,-4.11,52.37,,,,0,-1.15,,,,样本不足,NEGATIVE_EPS,LOW_SAMPLE,,USD,盈利跟踪_2026-09-10.md
2026-09-10,MCD,,,253.05,-0.17,32.92,13.08,19.35,20,1,13.98,-0.96,3,26,强下修,OK,,,USD,盈利跟踪_2026-09-10.md
2026-09-10,META,,,644.38,-1.42,66.38,31.09,20.73,18,0,33.94,-0.13,7,39,强下修,OK,,,USD,盈利跟踪_2026-09-10.md
2026-09-10,MSFT,,,492.44,0.16,55.22,19.44,25.33,,0,23.57,0.42,19,3,强上修,OK,,,USD,盈利跟踪_2026-09-10.md
2026-09-10,MSTR,,,128.56,-3.12,55.61,30.50,4.22,,0,13.83,165.92,4,1,温和上修,OK,,,USD,盈利跟踪_2026-09-10.md
2026-09-10,MU,,,977.41,-4.90,53.29,143.28,6.82,6,0,155.03,-0.02,2,2,中性,OK,,,USD,盈利跟踪_2026-09-10.md
2026-09-10,NKE,,,36.62,-1.95,33.68,1.71,21.42,20,0,2.22,-0.80,1,5,温和下修,OK,,,USD,盈利跟踪_2026-09-10.md
2026-09-10,NOW,,,131.17,0.05,51.57,4.55,28.83,20,0,5.01,-0.01,17,19,中性,OK,,,USD,盈利跟踪_2026-09-10.md
2026-09-10,NVDA,,,218.36,-2.37,50.00,12.05,18.12,15,0,15.52,20.90,39,0,强上修,OK,,,USD,盈利跟踪_2026-09-10.md
2026-09-10,ORCL,,,152.94,-5.38,53.47,7.86,19.46,15,0,10.97,0.70,3,0,温和上修,OK,,,USD,盈利跟踪_2026-09-10.md
2026-09-10,PDD,,,77.84,-0.98,30.32,11.15,6.98,7,1,83.32,0.89,11,12,中性,OK,,,USD,盈利跟踪_2026-09-10.md
2026-09-10,QCOM,,,176.88,0.27,62.76,9.21,19.21,,0,10.22,-0.46,3,27,强下修,OK,,,USD,盈利跟踪_2026-09-10.md
2026-09-10,SNDK,,,1692.59,-4.06,57.34,206.02,8.22,6,0,264.72,6.56,7,4,温和上修,OK,,,USD,盈利跟踪_2026-09-10.md
2026-09-10,TME,,,7.90,0.13,32.19,0.88,8.98,,0,6.75,-5.90,2,17,强下修,OK,,,USD,盈利跟踪_2026-09-10.md
2026-09-10,TSM,,,428.03,-1.68,54.08,19.69,21.74,20,0,21.93,1.47,9,0,强上修,OK,,,USD,盈利跟踪_2026-09-10.md
2026-09-11,0700.HK,,HK,428.40,0.66,39.66,34.60,12.38,,0,30.91,,3,26,强下修,OK,"BQ_NOT_COVERED,FQ手工填写,合计手工=34.60",true,CNY,盈利跟踪_2026-09-11.md
2026-09-11,AAPL,,US,332.27,1.75,62.84,9.47,35.09,20,0,9.57,0.29,6,24,强下修,OK,,true,USD,盈利跟踪_2026-09-11.md
2026-09-11,ADBE,,US,252.23,1.37,42.46,24.51,10.29,8,0,27.62,0.49,,,样本不足,OK,LOW_SAMPLE,true,USD,盈利跟踪_2026-09-11.md
2026-09-11,AMZN,,US,256.78,1.94,48.91,8.98,28.59,20,0,10.49,0.20,43,4,强上修,OK,,true,USD,盈利跟踪_2026-09-11.md
2026-09-11,AVGO,,US,361.99,0.32,42.23,15.33,23.61,20,0,19.38,-1.09,6,1,强上修,OK,,true,USD,盈利跟踪_2026-09-11.md
2026-09-11,COIN,,US,175.26,1.73,51.56,0.91,192.59,,0,2.74,-9.43,0,20,强下修,OK,,true,USD,盈利跟踪_2026-09-11.md
2026-09-11,CRCL,,US,90.60,0.31,54.95,1.30,69.69,,0,1.39,0.30,5,8,温和下修,OK,,true,USD,盈利跟踪_2026-09-11.md
2026-09-11,GOOGL,,US,338.50,1.77,46.91,12.88,26.28,20,0,14.88,0.73,10,2,强上修,OK,,true,USD,盈利跟踪_2026-09-11.md
2026-09-11,HOOD,,US,112.57,-0.67,55.79,2.29,49.16,,0,2.78,3.16,11,4,强上修,OK,,true,USD,盈利跟踪_2026-09-11.md
2026-09-11,INTC,,US,102.94,2.61,57.53,1.69,60.91,,0,2.04,0.22,33,0,强上修,OK,,true,USD,盈利跟踪_2026-09-11.md
2026-09-11,IREN,,US,43.83,0.44,54.08,,,,0,-0.27,,,,样本不足,NEGATIVE_EPS,LOW_SAMPLE,true,USD,盈利跟踪_2026-09-11.md
2026-09-11,MARA,,US,11.98,4.81,56.01,,,,0,-1.15,,,,样本不足,NEGATIVE_EPS,LOW_SAMPLE,true,USD,盈利跟踪_2026-09-11.md
2026-09-11,MCD,,US,252.53,-0.21,32.34,13.08,19.31,20,1,13.98,-0.11,3,26,强下修,OK,,true,USD,盈利跟踪_2026-09-11.md
2026-09-11,META,,US,648.03,0.57,67.17,31.09,20.84,18,0,33.94,-0.13,7,39,强下修,OK,,true,USD,盈利跟踪_2026-09-11.md
2026-09-11,MSFT,,US,495.63,0.65,56.87,19.44,25.50,,0,23.57,0.09,19,3,强上修,OK,,true,USD,盈利跟踪_2026-09-11.md
2026-09-11,MSTR,,US,130.97,1.87,56.97,30.50,4.29,,0,13.83,165.92,4,1,温和上修,OK,,true,USD,盈利跟踪_2026-09-11.md
2026-09-11,MU,,US,975.26,-0.22,53.00,143.28,6.81,6,0,155.03,-0.02,2,2,中性,OK,,true,USD,盈利跟踪_2026-09-11.md
2026-09-11,NKE,,US,36.80,0.49,35.09,1.71,21.52,20,0,2.20,-1.31,1,5,温和下修,OK,,true,USD,盈利跟踪_2026-09-11.md
2026-09-11,NOW,,US,132.53,1.04,52.78,4.55,29.13,20,0,5.01,-0.01,17,19,中性,OK,,true,USD,盈利跟踪_2026-09-11.md
2026-09-11,NVDA,,US,218.29,-0.03,49.94,12.05,18.12,15,0,15.52,20.90,39,0,强上修,OK,,true,USD,盈利跟踪_2026-09-11.md
2026-09-11,ORCL,,US,150.28,-1.74,51.06,7.86,19.12,15,0,11.02,1.09,3,0,温和上修,OK,,true,USD,盈利跟踪_2026-09-11.md
2026-09-11,PDD,,US,77.81,-0.04,30.27,11.15,6.98,7,1,83.27,0.82,11,12,中性,OK,,true,USD,盈利跟踪_2026-09-11.md
2026-09-11,QCOM,,US,181.97,2.88,67.37,9.21,19.76,,0,10.22,-0.46,3,27,强下修,OK,,true,USD,盈利跟踪_2026-09-11.md
2026-09-11,SNDK,,US,1633.35,-3.50,53.58,206.02,7.93,6,0,264.72,6.56,7,4,温和上修,OK,,true,USD,盈利跟踪_2026-09-11.md
2026-09-11,TME,,US,7.98,1.01,34.97,0.88,9.07,,0,6.75,-5.90,2,17,强下修,OK,,true,USD,盈利跟踪_2026-09-11.md
2026-09-11,TSM,,US,433.24,1.22,56.89,19.69,22.00,20,0,21.93,1.47,9,0,强上修,OK,,true,USD,盈利跟踪_2026-09-11.md
2026-09-12,0700.HK,,HK,428.40,0.66,39.66,34.60,12.38,,0,30.91,,3,26,强下修,OK,"BQ_NOT_COVERED,FQ手工填写,合计手工=34.60",true,CNY,盈利跟踪_2026-09-12.md
2026-09-12,AAPL,,US,332.27,1.75,62.84,9.47,35.09,20,0,9.57,0.29,6,24,强下修,OK,,true,USD,盈利跟踪_2026-09-12.md
2026-09-12,ADBE,,US,252.23,1.37,42.46,24.51,10.29,8,0,27.62,0.49,,,样本不足,OK,LOW_SAMPLE,true,USD,盈利跟踪_2026-09-12.md
2026-09-12,AMZN,,US,256.78,1.94,48.91,8.98,28.59,20,0,10.49,0.20,43,4,强上修,OK,,true,USD,盈利跟踪_2026-09-12.md
2026-09-12,AVGO,,US,361.99,0.32,42.23,15.33,23.61,20,0,19.38,-1.09,6,1,强上修,OK,,true,USD,盈利跟踪_2026-09-12.md
2026-09-12,COIN,,US,175.26,1.73,51.56,0.91,192.59,,0,2.74,-9.43,0,20,强下修,OK,,true,USD,盈利跟踪_2026-09-12.md
2026-09-12,CRCL,,US,90.60,0.31,54.95,1.30,69.69,,0,1.39,0.30,5,8,温和下修,OK,,true,USD,盈利跟踪_2026-09-12.md
2026-09-12,GOOGL,,US,338.50,1.77,46.91,12.88,26.28,20,0,14.88,0.73,10,2,强上修,OK,,true,USD,盈利跟踪_2026-09-12.md
2026-09-12,HOOD,,US,112.57,-0.67,55.79,2.29,49.16,,0,2.78,3.16,11,4,强上修,OK,,true,USD,盈利跟踪_2026-09-12.md
2026-09-12,INTC,,US,102.94,2.61,57.53,1.69,60.91,,0,2.04,0.22,33,0,强上修,OK,,true,USD,盈利跟踪_2026-09-12.md
2026-09-12,IREN,,US,43.83,0.44,54.08,,,,0,-0.27,,,,样本不足,NEGATIVE_EPS,LOW_SAMPLE,true,USD,盈利跟踪_2026-09-12.md
2026-09-12,MARA,,US,11.98,4.81,56.01,,,,0,-1.15,,,,样本不足,NEGATIVE_EPS,LOW_SAMPLE,true,USD,盈利跟踪_2026-09-12.md
2026-09-12,MCD,,US,252.53,-0.21,32.34,13.08,19.31,20,1,13.98,-0.11,3,26,强下修,OK,,true,USD,盈利跟踪_2026-09-12.md
2026-09-12,META,,US,648.03,0.57,67.17,31.09,20.84,18,0,33.94,-0.13,7,39,强下修,OK,,true,USD,盈利跟踪_2026-09-12.md
2026-09-12,MSFT,,US,495.63,0.65,56.87,19.44,25.50,,0,23.57,0.09,19,3,强上修,OK,,true,USD,盈利跟踪_2026-09-12.md
2026-09-12,MSTR,,US,130.97,1.87,56.97,30.50,4.29,,0,13.83,165.92,4,1,温和上修,OK,,true,USD,盈利跟踪_2026-09-12.md
2026-09-12,MU,,US,975.26,-0.22,53.00,143.28,6.81,6,0,155.03,-0.02,2,2,中性,OK,,true,USD,盈利跟踪_2026-09-12.md
2026-09-12,NKE,,US,36.80,0.49,35.09,1.71,21.52,20,0,2.20,-1.31,1,5,温和下修,OK,,true,USD,盈利跟踪_2026-09-12.md
2026-09-12,NOW,,US,132.53,1.04,52.78,4.55,29.13,20,0,5.01,-0.01,17,19,中性,OK,,true,USD,盈利跟踪_2026-09-12.md
2026-09-12,NVDA,,US,218.29,-0.03,49.94,12.05,18.12,15,0,15.52,20.90,39,0,强上修,OK,,true,USD,盈利跟踪_2026-09-12.md
2026-09-12,ORCL,,US,150.28,-1.74,51.06,7.86,19.12,15,0,11.02,1.09,3,0,温和上修,OK,,true,USD,盈利跟踪_2026-09-12.md
2026-09-12,PDD,,US,77.81,-0.04,30.27,11.15,6.98,7,1,83.27,0.82,11,12,中性,OK,,true,USD,盈利跟踪_2026-09-12.md
2026-09-12,QCOM,,US,181.97,2.88,67.37,9.21,19.76,,0,10.22,-0.46,3,27,强下修,OK,,true,USD,盈利跟踪_2026-09-12.md
2026-09-12,SNDK,,US,1633.35,-3.50,53.58,206.02,7.93,6,0,264.72,6.56,7,4,温和上修,OK,,true,USD,盈利跟踪_2026-09-12.md
2026-09-12,TME,,US,7.98,1.01,34.97,0.88,9.07,,0,6.75,-5.90,2,17,强下修,OK,,true,USD,盈利跟踪_2026-09-12.md
2026-09-12,TSM,,US,433.24,1.22,56.89,19.69,22.00,20,0,21.93,1.47,9,0,强上修,OK,,true,USD,盈利跟踪_2026-09-12.md
2026-09-13,0700.HK,,HK,428.40,0.66,39.66,34.60,12.38,,0,30.91,,3,26,强下修,OK,"BQ_NOT_COVERED,FQ手工填写,合计手工=34.60",true,CNY,盈利跟踪_2026-09-13.md
2026-09-13,AAPL,,US,332.27,1.75,62.84,9.47,35.09,20,0,9.57,0.29,2,7,强下修,OK,,true,USD,盈利跟踪_2026-09-13.md
2026-09-13,ADBE,,US,252.23,1.37,42.46,24.51,10.29,8,0,27.67,0.64,,,样本不足,OK,LOW_SAMPLE,true,USD,盈利跟踪_2026-09-13.md
2026-09-13,AMZN,,US,256.78,1.94,48.91,8.98,28.59,20,0,10.49,0.09,12,1,强上修,OK,,true,USD,盈利跟踪_2026-09-13.md
2026-09-13,AVGO,,US,361.99,0.32,42.23,17.51,20.67,20,0,19.38,-1.09,10,24,强下修,OK,,true,USD,盈利跟踪_2026-09-13.md
2026-09-13,COIN,,US,175.26,1.73,,0.91,192.59,,0,2.74,-9.43,0,20,强下修,OK,,true,USD,盈利跟踪_2026-09-13.md
2026-09-13,CRCL,,US,90.60,0.31,,1.30,69.69,,0,1.39,0.30,5,8,温和下修,OK,,true,USD,盈利跟踪_2026-09-13.md
2026-09-13,GOOGL,,US,338.50,1.77,46.91,12.88,26.28,20,0,14.88,0.73,10,2,强上修,OK,,true,USD,盈利跟踪_2026-09-13.md
2026-09-13,HOOD,,US,112.57,-0.67,55.79,2.29,49.16,,0,2.79,3.58,6,0,强上修,OK,,true,USD,盈利跟踪_2026-09-13.md
2026-09-13,INTC,,US,102.94,2.61,57.53,1.69,60.91,,0,2.04,0.23,4,1,温和上修,OK,,true,USD,盈利跟踪_2026-09-13.md
2026-09-13,IREN,,US,43.83,0.44,54.08,,,,0,-0.27,,,,样本不足,NEGATIVE_EPS,LOW_SAMPLE,true,USD,盈利跟踪_2026-09-13.md
2026-09-13,MARA,,US,11.98,4.81,56.01,,,,0,-1.15,,,,样本不足,NEGATIVE_EPS,LOW_SAMPLE,true,USD,盈利跟踪_2026-09-13.md
2026-09-13,MCD,,US,252.53,-0.21,32.34,13.06,19.34,20,1,13.97,-0.14,3,25,强下修,OK,,true,USD,盈利跟踪_2026-09-13.md
2026-09-13,META,,US,648.03,0.57,67.17,31.09,20.84,18,0,33.94,-0.13,7,39,强下修,OK,,true,USD,盈利跟踪_2026-09-13.md
2026-09-13,MSFT,,US,495.63,0.65,56.87,19.44,25.50,,0,23.57,0.09,19,3,强上修,OK,,true,USD,盈利跟踪_2026-09-13.md
2026-09-13,MSTR,,US,130.97,1.87,56.97,30.50,4.29,,0,13.83,165.92,4,1,温和上修,OK,,true,USD,盈利跟踪_2026-09-13.md
2026-09-13,MU,,US,975.26,-0.22,53.00,143.45,6.80,6,0,156.07,0.25,2,2,中性,OK,,true,USD,盈利跟踪_2026-09-13.md
2026-09-13,NKE,,US,36.80,0.49,35.09,1.71,21.52,20,0,2.20,-1.31,1,5,温和下修,OK,,true,USD,盈利跟踪_2026-09-13.md
2026-09-13,NOW,,US,132.53,1.04,52.78,4.55,29.13,20,0,5.01,-0.01,17,19,中性,OK,,true,USD,盈利跟踪_2026-09-13.md
2026-09-13,NVDA,,US,218.29,-0.03,49.94,12.05,18.12,15,0,15.57,21.26,41,0,强上修,OK,,true,USD,盈利跟踪_2026-09-13.md
2026-09-13,ORCL,,US,150.28,-1.74,51.06,7.85,19.14,15,0,10.99,0.84,3,0,温和上修,OK,,true,USD,盈利跟踪_2026-09-13.md
2026-09-13,PDD,,US,77.81,-0.04,30.27,11.15,6.98,7,1,83.27,0.82,11,12,中性,OK,,true,USD,盈利跟踪_2026-09-13.md
2026-09-13,QCOM,,US,181.97,2.88,67.37,9.21,19.76,,0,10.22,0.03,3,27,强下修,OK,,true,USD,盈利跟踪_2026-09-13.md
2026-09-13,SNDK,,US,1633.35,-3.50,53.58,206.02,7.93,6,0,264.72,6.56,7,4,温和上修,OK,,true,USD,盈利跟踪_2026-09-13.md
2026-09-13,TME,,US,7.98,1.01,34.97,0.88,9.07,,0,6.75,-5.90,2,17,强下修,OK,,true,USD,盈利跟踪_2026-09-13.md
2026-09-13,TSM,,US,433.24,1.22,56.89,19.69,22.00,20,0,21.93,1.47,9,0,强上修,OK,,true,USD,盈利跟踪_2026-09-13.md
2026-09-14,0700.HK,,HK,430.60,0.51,41.28,34.60,12.45,,0,30.91,,3,26,强下修,OK,"BQ_NOT_COVERED,FQ手工填写,合计手工=34.60",true,CNY,盈利跟踪_2026-09-14.md
2026-09-14,AAPL,,US,333.08,0.24,62.85,9.47,35.17,20,0,9.57,0.29,2,7,强下修,OK,,true,USD,盈利跟踪_2026-09-14.md
2026-09-14,ADBE,,US,265.60,5.30,42.47,24.51,10.84,8,0,27.67,0.64,,,样本不足,OK,LOW_SAMPLE,true,USD,盈利跟踪_2026-09-14.md
2026-09-14,AMZN,,US,253.54,-1.26,48.92,8.98,28.23,20,0,10.49,0.09,12,1,强上修,OK,,true,USD,盈利跟踪_2026-09-14.md
2026-09-14,AVGO,,US,344.72,-4.77,42.24,17.51,19.69,20,1,19.38,-1.09,10,24,强下修,OK,,true,USD,盈利跟踪_2026-09-14.md
2026-09-14,COIN,,US,191.45,9.24,51.56,0.91,210.38,,0,2.74,-9.43,0,20,强下修,OK,EXTREME,true,USD,盈利跟踪_2026-09-14.md
2026-09-14,CRCL,,US,97.42,7.53,54.95,1.30,74.94,,0,1.39,0.30,5,8,温和下修,OK,,true,USD,盈利跟踪_2026-09-14.md
2026-09-14,GOOGL,,US,349.39,3.22,46.92,12.88,27.13,20,0,14.88,0.73,10,2,强上修,OK,,true,USD,盈利跟踪_2026-09-14.md
2026-09-14,HOOD,,US,114.33,1.56,55.79,2.29,49.93,,0,2.79,3.58,6,0,强上修,OK,,true,USD,盈利跟踪_2026-09-14.md
2026-09-14,INTC,,US,97.19,-5.59,57.53,1.69,57.51,,0,2.04,0.23,4,1,温和上修,OK,,true,USD,盈利跟踪_2026-09-14.md
2026-09-14,IREN,,US,43.17,-1.51,54.07,,,,0,-0.27,,,,样本不足,NEGATIVE_EPS,LOW_SAMPLE,true,USD,盈利跟踪_2026-09-14.md
2026-09-14,MARA,,US,11.50,-4.01,56.00,,,,0,-1.15,,,,样本不足,NEGATIVE_EPS,LOW_SAMPLE,true,USD,盈利跟踪_2026-09-14.md
2026-09-14,MCD,,US,257.49,1.96,32.33,13.06,19.72,20,1,13.97,-0.14,3,25,强下修,OK,,true,USD,盈利跟踪_2026-09-14.md
2026-09-14,META,,US,665.60,2.71,67.18,31.09,21.41,18,0,33.94,-0.13,7,39,强下修,OK,,true,USD,盈利跟踪_2026-09-14.md
2026-09-14,MSFT,,US,505.41,1.97,56.88,19.44,26.00,,0,23.57,0.09,19,3,强上修,OK,,true,USD,盈利跟踪_2026-09-14.md
2026-09-14,MSTR,,US,136.94,4.56,56.97,30.50,4.49,,0,13.83,165.92,4,1,温和上修,OK,,true,USD,盈利跟踪_2026-09-14.md
2026-09-14,MU,,US,924.03,-5.25,53.00,143.45,6.44,6,0,156.07,0.25,2,2,中性,OK,,true,USD,盈利跟踪_2026-09-14.md
2026-09-14,NKE,,US,37.05,0.68,35.10,1.71,21.67,20,0,2.20,-1.31,1,5,温和下修,OK,,true,USD,盈利跟踪_2026-09-14.md
2026-09-14,NOW,,US,142.35,7.41,52.78,4.55,31.29,20,0,5.01,-0.01,17,19,中性,OK,,true,USD,盈利跟踪_2026-09-14.md
2026-09-14,NVDA,,US,210.96,-3.36,49.94,12.05,17.51,15,0,15.57,21.26,41,0,强上修,OK,,true,USD,盈利跟踪_2026-09-14.md
2026-09-14,ORCL,,US,144.79,-3.65,51.06,7.85,18.44,15,0,10.99,0.84,3,0,温和上修,OK,,true,USD,盈利跟踪_2026-09-14.md
2026-09-14,PDD,,US,79.38,2.02,30.27,11.15,7.12,7,0,83.27,0.82,11,12,中性,OK,,true,USD,盈利跟踪_2026-09-14.md
2026-09-14,QCOM,,US,180.15,-1.00,67.37,9.21,19.56,,0,10.22,0.03,3,27,强下修,OK,,true,USD,盈利跟踪_2026-09-14.md
2026-09-14,SNDK,,US,1551.99,-4.98,53.58,206.02,7.53,6,0,264.72,6.56,7,4,温和上修,OK,,true,USD,盈利跟踪_2026-09-14.md
2026-09-14,TME,,US,8.11,1.63,34.85,0.88,9.22,,0,6.75,-5.90,2,17,强下修,OK,,true,USD,盈利跟踪_2026-09-14.md
2026-09-14,TSM,,US,418.01,-3.52,56.90,19.69,21.23,20,0,21.93,1.47,9,0,强上修,OK,,true,USD,盈利跟踪_2026-09-14.md
2026-09-15,0700.HK,,HK,438.80,1.90,47.00,34.60,12.68,,0,30.91,,3,26,强下修,OK,"BQ_NOT_COVERED,FQ手工填写,合计手工=34.60",true,CNY,盈利跟踪_2026-09-15.md
2026-09-15,AAPL,,US,331.34,-0.52,63.37,9.47,34.99,20,0,9.58,0.38,2,7,强下修,OK,,true,USD,盈利跟踪_2026-09-15.md
2026-09-15,ADBE,,US,257.76,-2.95,50.56,24.51,10.52,8,0,27.67,0.65,,,样本不足,OK,LOW_SAMPLE,true,USD,盈利跟踪_2026-09-15.md
2026-09-15,AMZN,,US,248.42,-2.02,45.85,8.98,27.66,20,0,10.49,-0.14,8,1,强上修,OK,,true,USD,盈利跟踪_2026-09-15.md
2026-09-15,AVGO,,US,339.27,-1.58,34.32,17.51,19.38,20,1,19.38,-1.09,11,25,温和下修,OK,,true,USD,盈利跟踪_2026-09-15.md
2026-09-15,COIN,,US,172.11,-10.10,59.07,0.91,189.13,,0,2.79,-7.70,3,5,温和下修,OK,,true,USD,盈利跟踪_2026-09-15.md
2026-09-15,CRCL,,US,86.30,-11.41,60.32,1.30,66.38,,0,1.39,0.30,5,8,温和下修,OK,,true,USD,盈利跟踪_2026-09-15.md
2026-09-15,GOOGL,,US,344.98,-1.26,55.28,12.88,26.78,20,0,14.88,0.69,8,1,强上修,OK,,true,USD,盈利跟踪_2026-09-15.md
2026-09-15,HOOD,,US,110.45,-3.39,57.32,2.29,48.23,,0,2.79,3.58,6,0,强上修,OK,,true,USD,盈利跟踪_2026-09-15.md
2026-09-15,INTC,,US,97.14,-0.05,50.33,1.69,57.48,,0,2.04,0.23,4,1,温和上修,OK,,true,USD,盈利跟踪_2026-09-15.md
2026-09-15,IREN,,US,41.58,-3.68,52.68,,,,0,-0.27,,,,样本不足,NEGATIVE_EPS,LOW_SAMPLE,true,USD,盈利跟踪_2026-09-15.md
2026-09-15,MARA,,US,11.24,-2.26,52.25,,,,0,-0.21,,,,样本不足,NEGATIVE_EPS,LOW_SAMPLE,true,USD,盈利跟踪_2026-09-15.md
2026-09-15,MCD,,US,252.78,-1.83,42.74,13.06,19.36,20,1,13.98,-0.15,3,25,强下修,OK,,true,USD,盈利跟踪_2026-09-15.md
2026-09-15,META,,US,670.24,0.70,70.77,31.09,21.56,18,0,33.94,-0.13,7,39,强下修,OK,,true,USD,盈利跟踪_2026-09-15.md
2026-09-15,MSFT,,US,497.12,-1.64,61.58,19.44,25.57,,0,23.59,0.08,19,3,强上修,OK,,true,USD,盈利跟踪_2026-09-15.md
2026-09-15,MSTR,,US,129.60,-5.36,60.23,30.50,4.25,,0,13.14,152.73,3,0,温和上修,OK,,true,USD,盈利跟踪_2026-09-15.md
2026-09-15,MU,,US,927.60,0.39,46.42,143.45,6.47,6,0,156.07,0.25,2,2,中性,OK,,true,USD,盈利跟踪_2026-09-15.md
2026-09-15,NKE,,US,36.22,-2.24,37.10,1.71,21.18,20,0,2.19,-1.71,1,5,温和下修,OK,,true,USD,盈利跟踪_2026-09-15.md
2026-09-15,NOW,,US,141.90,-0.32,60.42,4.55,31.19,20,0,5.01,0.00,17,19,中性,OK,,true,USD,盈利跟踪_2026-09-15.md
2026-09-15,NVDA,,US,212.17,0.57,44.06,12.05,17.61,15,0,15.61,21.80,42,0,强上修,OK,,true,USD,盈利跟踪_2026-09-15.md
2026-09-15,ORCL,,US,140.35,-3.07,46.41,7.85,17.88,15,0,10.98,0.63,4,0,温和上修,OK,,true,USD,盈利跟踪_2026-09-15.md
2026-09-15,PDD,,US,78.08,-1.64,36.73,11.15,7.00,7,0,83.27,0.82,11,12,中性,OK,,true,USD,盈利跟踪_2026-09-15.md
2026-09-15,QCOM,,US,187.80,4.25,64.31,9.21,20.39,,0,10.20,0.02,3,27,强下修,OK,,true,USD,盈利跟踪_2026-09-15.md
2026-09-15,SNDK,,US,1530.89,-1.36,48.84,206.02,7.43,6,0,264.72,6.56,7,4,温和上修,OK,,true,USD,盈利跟踪_2026-09-15.md
2026-09-15,TME,,US,7.89,-2.71,39.18,0.88,8.97,,0,6.75,0.00,2,17,强下修,OK,,true,USD,盈利跟踪_2026-09-15.md
2026-09-15,TSM,,US,413.75,-1.02,47.75,19.69,21.01,20,0,21.93,0.66,9,0,强上修,OK,,true,USD,盈利跟踪_2026-09-15.md
2026-09-16,0700.HK,,HK,433.40,-1.23,43.96,34.60,12.53,,0,30.91,,3,26,强下修,OK,"BQ_NOT_COVERED,FQ手工填写,合计手工=34.60",true,CNY,盈利跟踪_2026-09-16.md
2026-09-16,AAPL,,US,332.41,0.32,61.35,9.47,35.10,20,0,9.58,0.38,2,7,强下修,OK,,true,USD,盈利跟踪_2026-09-16.md
2026-09-16,ADBE,,US,250.50,-2.82,46.43,24.51,10.22,8,0,27.67,0.65,,,样本不足,OK,LOW_SAMPLE,true,USD,盈利跟踪_2026-09-16.md
2026-09-16,AMZN,,US,245.96,-0.99,41.41,8.98,27.39,20,0,10.49,-0.14,8,1,强上修,OK,,true,USD,盈利跟踪_2026-09-16.md
2026-09-16,AVGO,,US,339.51,0.07,32.27,17.51,19.39,20,1,19.38,-1.09,11,25,温和下修,OK,,true,USD,盈利跟踪_2026-09-16.md
2026-09-16,COIN,,US,164.51,-4.42,49.24,0.91,180.78,,0,2.79,-7.70,3,5,温和下修,OK,,true,USD,盈利跟踪_2026-09-16.md
2026-09-16,CRCL,,US,80.45,-6.78,49.88,1.30,61.88,,0,1.39,0.30,5,8,温和下修,OK,,true,USD,盈利跟踪_2026-09-16.md
2026-09-16,GOOGL,,US,342.87,-0.61,,12.88,26.62,20,0,14.88,0.69,8,1,强上修,OK,,true,USD,盈利跟踪_2026-09-16.md
2026-09-16,HOOD,,US,104.42,-5.46,52.97,2.29,45.60,,0,2.79,3.58,6,0,强上修,OK,,true,USD,盈利跟踪_2026-09-16.md
2026-09-16,INTC,,US,101.05,4.03,50.28,1.69,59.79,,0,2.04,0.23,4,1,温和上修,OK,,true,USD,盈利跟踪_2026-09-16.md
2026-09-16,IREN,,US,42.62,2.50,49.40,,,,0,-0.27,,,,样本不足,NEGATIVE_EPS,LOW_SAMPLE,true,USD,盈利跟踪_2026-09-16.md
2026-09-16,MARA,,US,11.04,-1.78,50.29,,,,0,-0.21,,,,样本不足,NEGATIVE_EPS,LOW_SAMPLE,true,USD,盈利跟踪_2026-09-16.md
2026-09-16,MCD,,US,248.56,-1.67,36.92,13.06,19.03,20,1,13.98,-0.15,3,25,强下修,OK,,true,USD,盈利跟踪_2026-09-16.md
2026-09-16,META,,US,673.31,0.46,71.65,31.09,21.66,18,0,33.94,-0.13,7,39,强下修,OK,,true,USD,盈利跟踪_2026-09-16.md
2026-09-16,MSFT,,US,490.30,-1.37,56.00,19.44,25.22,,0,23.59,0.08,19,3,强上修,OK,,true,USD,盈利跟踪_2026-09-16.md
2026-09-16,MSTR,,US,126.18,-2.64,54.73,30.50,4.14,,0,13.14,152.73,3,0,温和上修,OK,,true,USD,盈利跟踪_2026-09-16.md
2026-09-16,MU,,US,926.55,-0.11,46.91,143.45,6.46,6,0,156.07,0.25,2,2,中性,OK,,true,USD,盈利跟踪_2026-09-16.md
2026-09-16,NKE,,US,35.78,-1.21,33.40,1.71,20.92,20,0,2.19,-1.71,1,5,温和下修,OK,,true,USD,盈利跟踪_2026-09-16.md
2026-09-16,NOW,,US,139.82,-1.47,59.94,4.55,30.73,20,0,5.01,0.00,17,19,中性,OK,,true,USD,盈利跟踪_2026-09-16.md
2026-09-16,NVDA,,US,213.90,0.82,45.21,12.05,17.75,15,0,15.61,21.80,42,0,强上修,OK,,true,USD,盈利跟踪_2026-09-16.md
2026-09-16,ORCL,,US,143.16,2.00,43.00,7.85,18.24,15,0,10.98,0.63,4,0,温和上修,OK,,true,USD,盈利跟踪_2026-09-16.md
2026-09-16,PDD,,US,78.76,0.87,33.92,11.15,7.06,7,0,83.27,0.82,11,12,中性,OK,,true,USD,盈利跟踪_2026-09-16.md
2026-09-16,QCOM,,US,184.84,-1.58,70.40,9.21,20.07,,0,10.20,0.02,3,27,强下修,OK,,true,USD,盈利跟踪_2026-09-16.md
2026-09-16,SNDK,,US,1519.97,-0.71,47.66,206.02,7.38,6,0,264.72,6.56,7,4,温和上修,OK,,true,USD,盈利跟踪_2026-09-16.md
2026-09-16,TME,,US,7.82,-0.89,35.01,0.88,8.89,,0,6.75,0.00,2,17,强下修,OK,,true,USD,盈利跟踪_2026-09-16.md
2026-09-16,TSM,,US,417.72,1.23,45.53,19.69,21.21,20,0,21.93,0.66,9,0,强上修,OK,,true,USD,盈利跟踪_2026-09-16.md
2026-09-17,0700.HK,,HK,428.60,0.61,42.02,34.55,12.41,,0,30.85,,3,26,强下修,OK,"BQ_NOT_COVERED,FQ手工填写,合计手工=34.55",true,HKD,盈利跟踪_2026-09-17.md
2026-09-17,AAPL,,US,337.00,1.38,62.15,9.47,35.59,20,0,9.58,0.44,2,7,强下修,OK,,true,USD,盈利跟踪_2026-09-17.md
2026-09-17,ADBE,,US,252.67,0.87,42.94,24.51,10.31,8,0,27.67,0.65,,,样本不足,OK,LOW_SAMPLE,true,USD,盈利跟踪_2026-09-17.md
2026-09-17,AMZN,,US,251.19,2.13,39.45,8.98,27.97,20,0,10.47,-0.36,8,1,强上修,OK,,true,USD,盈利跟踪_2026-09-17.md
2026-09-17,AVGO,,US,347.30,2.29,32.46,17.51,19.83,20,1,19.38,-1.09,11,25,温和下修,OK,,true,USD,盈利跟踪_2026-09-17.md
2026-09-17,COIN,,US,173.97,5.75,46.01,0.91,191.18,,0,2.83,-6.30,3,5,温和下修,OK,,true,USD,盈利跟踪_2026-09-17.md
2026-09-17,CRCL,,US,85.09,5.77,45.43,1.30,65.45,,0,1.40,1.13,5,8,温和下修,OK,,true,USD,盈利跟踪_2026-09-17.md
2026-09-17,GOOGL,,US,347.33,1.30,50.06,12.88,26.97,20,0,14.86,0.60,8,1,强上修,OK,,true,USD,盈利跟踪_2026-09-17.md
2026-09-17,HOOD,,US,109.81,5.16,47.02,2.29,47.95,,0,2.79,3.58,6,0,强上修,OK,,true,USD,盈利跟踪_2026-09-17.md
2026-09-17,INTC,,US,108.80,7.67,54.74,1.69,64.38,,0,2.06,1.08,4,1,温和上修,OK,,true,USD,盈利跟踪_2026-09-17.md
2026-09-17,IREN,,US,43.48,2.02,51.53,,,,0,-0.27,,,,样本不足,NEGATIVE_EPS,LOW_SAMPLE,true,USD,盈利跟踪_2026-09-17.md
2026-09-17,MARA,,US,11.64,5.43,48.78,,,,0,-0.21,,,,样本不足,NEGATIVE_EPS,LOW_SAMPLE,true,USD,盈利跟踪_2026-09-17.md
2026-09-17,MCD,,US,248.48,-0.03,32.64,13.06,19.03,20,1,13.98,-0.14,3,25,强下修,OK,,true,USD,盈利跟踪_2026-09-17.md
2026-09-17,META,,US,682.31,1.34,72.24,31.09,21.95,18,0,33.87,-0.34,7,39,强下修,OK,,true,USD,盈利跟踪_2026-09-17.md
2026-09-17,MSFT,,US,497.75,1.52,51.85,19.44,25.60,,0,23.59,0.08,19,3,强上修,OK,,true,USD,盈利跟踪_2026-09-17.md
2026-09-17,MSTR,,US,132.25,4.81,52.35,30.50,4.34,,0,13.14,152.73,3,0,温和上修,OK,,true,USD,盈利跟踪_2026-09-17.md
2026-09-17,MU,,US,977.50,5.50,46.77,143.45,6.81,6,0,156.53,0.55,2,2,中性,OK,,true,USD,盈利跟踪_2026-09-17.md
2026-09-17,NKE,,US,36.36,1.62,31.62,1.71,21.26,20,0,2.19,-2.12,1,5,温和下修,OK,,true,USD,盈利跟踪_2026-09-17.md
2026-09-17,NOW,,US,138.47,-0.97,57.67,4.55,30.43,20,0,5.01,0.00,17,19,中性,OK,,true,USD,盈利跟踪_2026-09-17.md
2026-09-17,NVDA,,US,219.34,2.54,46.89,12.05,18.20,15,0,15.68,22.32,42,0,强上修,OK,,true,USD,盈利跟踪_2026-09-17.md
2026-09-17,ORCL,,US,150.59,5.19,45.72,7.85,19.18,15,0,10.99,0.72,4,0,温和上修,OK,,true,USD,盈利跟踪_2026-09-17.md
2026-09-17,PDD,,US,77.73,-1.31,36.64,11.15,6.97,7,1,83.16,0.69,11,12,中性,OK,,true,USD,盈利跟踪_2026-09-17.md
2026-09-17,QCOM,,US,188.71,2.09,65.72,9.21,20.49,,0,10.20,0.02,3,27,强下修,OK,,true,USD,盈利跟踪_2026-09-17.md
2026-09-17,SNDK,,US,1614.39,6.21,47.03,206.02,7.84,6,0,264.72,6.56,7,4,温和上修,OK,,true,USD,盈利跟踪_2026-09-17.md
2026-09-17,TME,,US,7.77,-0.64,33.78,0.88,8.83,,0,6.75,0.00,2,17,强下修,OK,,true,USD,盈利跟踪_2026-09-17.md
2026-09-17,TSM,,US,430.26,3.00,48.59,19.69,21.85,20,0,21.93,0.66,9,0,强上修,OK,,true,USD,盈利跟踪_2026-09-17.md
2026-09-18,0700.HK,,HK,419.00,-1.64,36.85,34.55,12.13,,0,30.85,,3,26,强下修,OK,"BQ_NOT_COVERED,FQ手工填写,合计手工=34.55",true,HKD,盈利跟踪_2026-09-18.md
2026-09-18,AAPL,,US,336.13,-0.26,65.44,9.47,35.49,20,0,9.58,0.44,2,7,强下修,OK,,true,USD,盈利跟踪_2026-09-18.md
2026-09-18,ADBE,,US,248.92,-1.48,44.29,24.51,10.16,8,0,27.67,0.65,,,样本不足,OK,LOW_SAMPLE,true,USD,盈利跟踪_2026-09-18.md
2026-09-18,AMZN,,US,253.71,1.00,45.39,8.98,28.25,20,0,10.47,-0.36,8,1,强上修,OK,,true,USD,盈利跟踪_2026-09-18.md
2026-09-18,AVGO,,US,357.61,2.97,38.54,17.51,20.42,20,0,19.38,-1.09,11,25,温和下修,OK,,true,USD,盈利跟踪_2026-09-18.md
2026-09-18,COIN,,US,194.25,11.66,50.38,0.91,213.46,,0,2.83,-6.30,3,5,温和下修,OK,EXTREME,true,USD,盈利跟踪_2026-09-18.md
2026-09-18,CRCL,,US,91.78,7.86,49.29,1.30,70.60,,0,1.40,1.13,5,8,温和下修,OK,,true,USD,盈利跟踪_2026-09-18.md
2026-09-18,GOOGL,,US,349.54,0.64,53.45,12.88,27.14,20,0,14.86,0.60,8,1,强上修,OK,,true,USD,盈利跟踪_2026-09-18.md
2026-09-18,HOOD,,US,119.82,9.12,52.19,2.29,52.32,,0,2.79,3.58,6,0,强上修,OK,,true,USD,盈利跟踪_2026-09-18.md
2026-09-18,INTC,,US,108.60,-0.18,62.01,1.69,64.26,,0,2.06,1.08,4,1,温和上修,OK,,true,USD,盈利跟踪_2026-09-18.md
2026-09-18,IREN,,US,46.68,7.36,53.28,,,,0,-0.27,,,,样本不足,NEGATIVE_EPS,LOW_SAMPLE,true,USD,盈利跟踪_2026-09-18.md
2026-09-18,MARA,,US,13.24,13.75,53.32,,,,0,-0.21,,,,样本不足,NEGATIVE_EPS,LOW_SAMPLE,true,USD,盈利跟踪_2026-09-18.md
2026-09-18,MCD,,US,248.24,-0.10,32.57,13.06,19.01,20,1,13.98,-0.14,3,25,强下修,OK,,true,USD,盈利跟踪_2026-09-18.md
2026-09-18,META,,US,665.75,-2.43,73.97,31.09,21.41,18,0,33.87,-0.34,7,39,强下修,OK,,true,USD,盈利跟踪_2026-09-18.md
2026-09-18,MSFT,,US,493.78,-0.80,55.71,19.44,25.40,,0,23.59,0.08,19,3,强上修,OK,,true,USD,盈利跟踪_2026-09-18.md
2026-09-18,MSTR,,US,153.92,16.39,56.02,30.50,5.05,,0,13.14,152.73,3,0,温和上修,OK,,true,USD,盈利跟踪_2026-09-18.md
2026-09-18,MU,,US,1015.80,3.92,53.81,143.45,7.08,6,0,156.53,0.55,2,2,中性,OK,,true,USD,盈利跟踪_2026-09-18.md
2026-09-18,NKE,,US,35.51,-2.34,36.45,1.71,20.77,20,0,2.19,-2.12,1,5,温和下修,OK,,true,USD,盈利跟踪_2026-09-18.md
2026-09-18,NOW,,US,135.47,-2.17,56.17,4.55,29.77,20,0,5.01,0.00,17,19,中性,OK,,true,USD,盈利跟踪_2026-09-18.md
2026-09-18,NVDA,,US,222.27,1.34,51.86,12.05,18.45,15,0,15.68,22.32,42,0,强上修,OK,,true,USD,盈利跟踪_2026-09-18.md
2026-09-18,ORCL,,US,147.61,-1.98,52.21,7.85,18.80,15,0,10.99,0.72,4,0,温和上修,OK,,true,USD,盈利跟踪_2026-09-18.md
2026-09-18,PDD,,US,78.90,1.51,34.34,11.15,7.08,7,0,83.16,0.69,11,12,中性,OK,,true,USD,盈利跟踪_2026-09-18.md
2026-09-18,QCOM,,US,177.72,-5.82,68.65,9.21,19.30,,0,10.20,0.02,3,27,强下修,OK,,true,USD,盈利跟踪_2026-09-18.md
2026-09-18,SNDK,,US,1791.82,10.99,52.84,206.02,8.70,6,0,264.72,6.56,7,4,温和上修,OK,,true,USD,盈利跟踪_2026-09-18.md
2026-09-18,TME,,US,7.76,-0.13,32.87,0.88,8.82,,0,6.75,0.00,2,17,强下修,OK,,true,USD,盈利跟踪_2026-09-18.md
2026-09-18,TSM,,US,434.67,1.02,55.26,19.69,22.08,20,0,21.93,0.66,9,0,强上修,OK,,true,USD,盈利跟踪_2026-09-18.md
2026-09-19,0700.HK,,HK,419.00,-1.64,36.85,34.55,12.13,,0,30.85,,3,26,强下修,OK,"BQ_NOT_COVERED,FQ手工填写,合计手工=34.55",true,HKD,盈利跟踪_2026-09-19.md
2026-09-19,AAPL,,US,336.13,-0.26,64.30,9.54,35.23,20,0,9.58,0.47,2,7,强下修,OK,,true,USD,盈利跟踪_2026-09-19.md
2026-09-19,ADBE,,US,248.92,-1.48,42.43,24.51,10.16,8,0,27.67,0.65,,,样本不足,OK,LOW_SAMPLE,true,USD,盈利跟踪_2026-09-19.md
2026-09-19,AMZN,,US,253.71,1.00,48.04,8.98,28.25,20,0,10.47,-0.36,8,1,强上修,OK,,true,USD,盈利跟踪_2026-09-19.md
2026-09-19,AVGO,,US,357.61,2.97,45.53,17.51,20.42,20,0,19.38,-1.09,11,25,温和下修,OK,,true,USD,盈利跟踪_2026-09-19.md
2026-09-19,COIN,,US,194.25,11.66,58.19,0.66,294.32,,0,2.83,-6.30,3,5,温和下修,OK,EXTREME,true,USD,盈利跟踪_2026-09-19.md
2026-09-19,CRCL,,US,91.78,7.86,54.32,1.30,70.60,,0,1.40,1.13,5,8,温和下修,OK,,true,USD,盈利跟踪_2026-09-19.md
2026-09-19,GOOGL,,US,349.54,0.64,55.08,12.83,27.24,20,0,14.91,0.88,8,1,强上修,OK,,true,USD,盈利跟踪_2026-09-19.md
2026-09-19,HOOD,,US,119.82,9.12,60.00,2.34,51.21,,0,2.79,3.58,6,0,强上修,OK,,true,USD,盈利跟踪_2026-09-19.md
2026-09-19,INTC,,US,108.60,-0.18,61.73,1.71,63.51,,0,2.06,1.08,4,1,温和上修,OK,,true,USD,盈利跟踪_2026-09-19.md
2026-09-19,IREN,,US,46.68,7.36,59.19,,,,0,-0.27,,,,样本不足,NEGATIVE_EPS,LOW_SAMPLE,true,USD,盈利跟踪_2026-09-19.md
2026-09-19,MARA,,US,13.24,13.75,62.81,,,,0,-0.21,,,,样本不足,NEGATIVE_EPS,LOW_SAMPLE,true,USD,盈利跟踪_2026-09-19.md
2026-09-19,MCD,,US,248.24,-0.10,32.33,13.07,18.99,20,1,13.98,-0.15,3,25,强下修,OK,,true,USD,盈利跟踪_2026-09-19.md
2026-09-19,META,,US,665.75,-2.43,65.84,31.04,21.45,18,0,33.87,-0.34,7,39,强下修,OK,,true,USD,盈利跟踪_2026-09-19.md
2026-09-19,MSFT,,US,493.78,-0.80,53.26,19.44,25.40,,0,23.59,0.08,19,3,强上修,OK,,true,USD,盈利跟踪_2026-09-19.md
2026-09-19,MSTR,,US,153.92,16.39,66.08,31.84,4.83,,0,13.14,152.73,3,0,温和上修,OK,,true,USD,盈利跟踪_2026-09-19.md
2026-09-19,MU,,US,1015.80,3.92,58.27,143.45,7.08,6,0,156.53,0.62,2,2,中性,OK,,true,USD,盈利跟踪_2026-09-19.md
2026-09-19,NKE,,US,35.51,-2.34,32.79,1.69,21.01,20,0,2.19,-2.12,1,5,温和下修,OK,,true,USD,盈利跟踪_2026-09-19.md
2026-09-19,NOW,,US,135.47,-2.17,52.90,4.54,29.84,20,0,5.01,0.00,17,19,中性,OK,,true,USD,盈利跟踪_2026-09-19.md
2026-09-19,NVDA,,US,222.27,1.34,54.35,12.05,18.45,15,0,15.68,21.71,42,0,强上修,OK,,true,USD,盈利跟踪_2026-09-19.md
2026-09-19,ORCL,,US,147.61,-1.98,49.64,8.33,17.72,15,0,11.00,0.75,4,0,温和上修,OK,,true,USD,盈利跟踪_2026-09-19.md
2026-09-19,PDD,,US,78.90,1.51,39.04,11.15,7.08,7,0,83.16,0.69,11,12,中性,OK,,true,USD,盈利跟踪_2026-09-19.md
2026-09-19,QCOM,,US,177.72,-5.82,54.42,9.21,19.30,,0,10.20,0.02,3,27,强下修,OK,,true,USD,盈利跟踪_2026-09-19.md
2026-09-19,SNDK,,US,1791.82,10.99,61.42,206.02,8.70,6,0,264.72,0.22,7,4,温和上修,OK,,true,USD,盈利跟踪_2026-09-19.md
2026-09-19,TME,,US,7.76,-0.13,32.68,0.88,8.82,,0,6.75,0.00,2,17,强下修,OK,,true,USD,盈利跟踪_2026-09-19.md
2026-09-19,TSM,,US,434.67,1.02,57.36,19.73,22.03,20,0,21.93,0.66,9,0,强上修,OK,,true,USD,盈利跟踪_2026-09-19.md
2026-09-20,0700.HK,,HK,419.00,-1.64,36.85,34.55,12.13,,0,30.85,,3,26,强下修,OK,"BQ_NOT_COVERED,FQ手工填写,合计手工=34.55",true,HKD,盈利跟踪_2026-09-20.md
2026-09-20,AAPL,,US,336.13,-0.26,64.30,9.54,35.23,20,0,9.58,0.47,2,7,强下修,OK,,true,USD,盈利跟踪_2026-09-20.md
2026-09-20,ADBE,,US,248.92,-1.48,42.43,24.51,10.16,8,0,27.67,0.65,,,样本不足,OK,LOW_SAMPLE,true,USD,盈利跟踪_2026-09-20.md
2026-09-20,AMZN,,US,253.71,1.00,48.04,8.98,28.25,20,0,10.47,-0.36,8,1,强上修,OK,,true,USD,盈利跟踪_2026-09-20.md
2026-09-20,AVGO,,US,357.61,2.97,45.53,17.51,20.42,20,0,19.38,-1.09,11,25,温和下修,OK,,true,USD,盈利跟踪_2026-09-20.md
2026-09-20,COIN,,US,194.25,11.66,58.19,0.66,294.32,,0,2.83,-6.30,3,5,温和下修,OK,EXTREME,true,USD,盈利跟踪_2026-09-20.md
2026-09-20,CRCL,,US,91.78,7.86,54.32,1.30,70.60,,0,1.40,1.13,5,8,温和下修,OK,,true,USD,盈利跟踪_2026-09-20.md
2026-09-20,GOOGL,,US,349.54,0.64,55.08,12.83,27.24,20,0,14.91,0.88,8,1,强上修,OK,,true,USD,盈利跟踪_2026-09-20.md
2026-09-20,HOOD,,US,119.82,9.12,60.00,2.34,51.21,,0,2.79,3.58,6,0,强上修,OK,,true,USD,盈利跟踪_2026-09-20.md
2026-09-20,INTC,,US,108.60,-0.18,61.73,1.71,63.51,,0,2.06,1.08,4,1,温和上修,OK,,true,USD,盈利跟踪_2026-09-20.md
2026-09-20,IREN,,US,46.68,7.36,59.19,,,,0,-0.27,,,,样本不足,NEGATIVE_EPS,LOW_SAMPLE,true,USD,盈利跟踪_2026-09-20.md
2026-09-20,MARA,,US,13.24,13.75,62.81,,,,0,-0.21,,,,样本不足,NEGATIVE_EPS,LOW_SAMPLE,true,USD,盈利跟踪_2026-09-20.md
2026-09-20,MCD,,US,248.24,-0.10,32.33,13.07,18.99,20,1,13.98,-0.15,3,25,强下修,OK,,true,USD,盈利跟踪_2026-09-20.md
2026-09-20,META,,US,665.75,-2.43,65.84,31.04,21.45,18,0,33.87,-0.34,7,39,强下修,OK,,true,USD,盈利跟踪_2026-09-20.md
2026-09-20,MSFT,,US,493.78,-0.80,53.26,19.44,25.40,,0,23.59,0.08,19,3,强上修,OK,,true,USD,盈利跟踪_2026-09-20.md
2026-09-20,MSTR,,US,153.92,16.39,66.08,31.84,4.83,,0,13.14,152.73,3,0,温和上修,OK,,true,USD,盈利跟踪_2026-09-20.md
2026-09-20,MU,,US,1015.80,3.92,58.27,143.45,7.08,6,0,156.53,0.62,2,2,中性,OK,,true,USD,盈利跟踪_2026-09-20.md
2026-09-20,NKE,,US,35.51,-2.34,32.79,1.69,21.01,20,0,2.19,-2.12,1,5,温和下修,OK,,true,USD,盈利跟踪_2026-09-20.md
2026-09-20,NOW,,US,135.47,-2.17,52.90,4.54,29.84,20,0,5.01,0.00,17,19,中性,OK,,true,USD,盈利跟踪_2026-09-20.md
2026-09-20,NVDA,,US,222.27,1.34,54.35,12.05,18.45,15,0,15.68,21.71,42,0,强上修,OK,,true,USD,盈利跟踪_2026-09-20.md
2026-09-20,ORCL,,US,147.61,-1.98,49.64,8.33,17.72,15,0,11.00,0.75,4,0,温和上修,OK,,true,USD,盈利跟踪_2026-09-20.md
2026-09-20,PDD,,US,78.90,1.51,39.04,11.15,7.08,7,0,83.16,0.69,11,12,中性,OK,,true,USD,盈利跟踪_2026-09-20.md
2026-09-20,QCOM,,US,177.72,-5.82,54.42,9.21,19.30,,0,10.20,0.02,3,27,强下修,OK,,true,USD,盈利跟踪_2026-09-20.md
2026-09-20,SNDK,,US,1791.82,10.99,61.42,206.02,8.70,6,0,264.72,0.22,7,4,温和上修,OK,,true,USD,盈利跟踪_2026-09-20.md
2026-09-20,TME,,US,7.76,-0.13,32.68,0.88,8.82,,0,6.75,0.00,2,17,强下修,OK,,true,USD,盈利跟踪_2026-09-20.md
2026-09-20,TSM,,US,434.67,1.02,57.36,19.73,22.03,20,0,21.93,0.66,9,0,强上修,OK,,true,USD,盈利跟踪_2026-09-20.md
2026-09-21,0700.HK,,HK,430.00,2.63,44.53,34.55,12.45,,0,,,,,无,OK,"BQ_NOT_COVERED,FQ手工填写,合计手工=34.55",true,HKD,盈利跟踪_2026-09-21.md
2026-09-21,AAPL,,US,336.13,-0.26,64.30,9.54,35.23,20,0,9.58,0.47,2,7,强下修,OK,,true,USD,盈利跟踪_2026-09-21.md
2026-09-21,ADBE,,US,248.92,-1.48,42.42,24.51,10.16,8,0,27.67,0.65,,,样本不足,OK,LOW_SAMPLE,true,USD,盈利跟踪_2026-09-21.md
2026-09-21,AMZN,,US,253.71,1.00,48.04,8.98,28.25,20,0,10.47,-0.36,8,1,强上修,OK,,true,USD,盈利跟踪_2026-09-21.md
2026-09-21,AVGO,,US,357.61,2.97,45.54,17.51,20.42,20,0,19.38,-1.09,11,25,温和下修,OK,,true,USD,盈利跟踪_2026-09-21.md
2026-09-21,COIN,,US,194.25,11.66,58.18,0.66,294.32,,0,2.83,-6.30,3,5,温和下修,OK,EXTREME,false,USD,盈利跟踪_2026-09-21.md
2026-09-21,CRCL,,US,91.78,7.86,54.29,1.30,70.60,,0,1.40,1.13,5,8,温和下修,OK,,true,USD,盈利跟踪_2026-09-21.md
2026-09-21,GOOGL,,US,349.54,0.64,55.07,12.83,27.24,20,0,14.91,0.88,8,1,强上修,OK,,true,USD,盈利跟踪_2026-09-21.md
2026-09-21,HOOD,,US,119.82,9.12,60.00,2.34,51.21,,0,2.79,3.58,6,0,强上修,OK,,true,USD,盈利跟踪_2026-09-21.md
2026-09-21,INTC,,US,108.60,-0.18,61.74,1.71,63.51,,0,2.06,1.08,4,1,温和上修,OK,,true,USD,盈利跟踪_2026-09-21.md
2026-09-21,IREN,,US,46.68,7.36,59.18,,,,0,-0.27,,,,样本不足,NEGATIVE_EPS,LOW_SAMPLE,true,USD,盈利跟踪_2026-09-21.md
2026-09-21,MARA,,US,13.24,13.75,62.81,,,,0,-0.21,,,,样本不足,NEGATIVE_EPS,LOW_SAMPLE,true,USD,盈利跟踪_2026-09-21.md
2026-09-21,MCD,,US,248.24,-0.10,32.33,13.07,18.99,20,1,13.98,-0.15,3,25,强下修,OK,,true,USD,盈利跟踪_2026-09-21.md
2026-09-21,META,,US,665.75,-2.43,65.84,31.04,21.45,18,0,33.87,-0.34,7,39,强下修,OK,,false,USD,盈利跟踪_2026-09-21.md
2026-09-21,MSFT,,US,493.78,-0.80,53.25,19.44,25.40,,0,23.59,0.08,19,3,强上修,OK,,true,USD,盈利跟踪_2026-09-21.md
2026-09-21,MSTR,,US,153.92,16.39,66.08,31.84,4.83,,0,13.14,152.73,3,0,温和上修,OK,,true,USD,盈利跟踪_2026-09-21.md
2026-09-21,MU,,US,1015.80,3.92,58.28,143.45,7.08,6,0,156.53,0.62,2,2,中性,OK,,true,USD,盈利跟踪_2026-09-21.md
2026-09-21,NKE,,US,35.51,-2.34,32.81,1.69,21.01,20,0,2.19,-2.12,1,5,温和下修,OK,,true,USD,盈利跟踪_2026-09-21.md
2026-09-21,NOW,,US,135.47,-2.17,52.90,4.54,29.84,20,0,5.01,0.00,17,19,中性,OK,,true,USD,盈利跟踪_2026-09-21.md
2026-09-21,NVDA,,US,222.27,1.34,54.36,12.05,18.45,15,0,15.68,21.71,42,0,强上修,OK,,true,USD,盈利跟踪_2026-09-21.md
2026-09-21,ORCL,,US,147.61,-1.98,49.64,8.33,17.72,15,0,11.00,0.75,4,0,温和上修,OK,,true,USD,盈利跟踪_2026-09-21.md
2026-09-21,PDD,,US,78.90,1.51,39.05,11.15,7.08,7,0,83.16,0.69,11,12,中性,OK,,true,USD,盈利跟踪_2026-09-21.md
2026-09-21,QCOM,,US,177.72,-5.82,54.42,9.21,19.30,,0,10.20,0.02,3,27,强下修,OK,,true,USD,盈利跟踪_2026-09-21.md
2026-09-21,SNDK,,US,1791.82,10.99,61.43,206.02,8.70,6,0,264.72,0.22,7,4,温和上修,OK,,true,USD,盈利跟踪_2026-09-21.md
2026-09-21,TME,,US,7.76,-0.13,32.68,0.88,8.82,,0,6.75,0.00,2,17,强下修,OK,,true,USD,盈利跟踪_2026-09-21.md
2026-09-21,TSM,,US,434.67,1.02,57.37,19.73,22.03,20,0,21.93,0.66,9,0,强上修,OK,,true,USD,盈利跟踪_2026-09-21.md
2026-09-22,0700.HK,,HK,451.60,5.02,55.84,34.55,13.07,,0,,,,,无,OK,"BQ_NOT_COVERED,FQ手工填写,合计手工=34.55",true,HKD,盈利跟踪_2026-09-22.md
2026-09-22,AAPL,,US,338.98,0.85,66.37,9.54,35.53,20,0,,,,,无,OK,,true,USD,盈利跟踪_2026-09-22.md
2026-09-22,ADBE,,US,249.52,0.24,42.83,24.51,10.18,8,0,,,,,无,OK,,true,USD,盈利跟踪_2026-09-22.md
2026-09-22,AMZN,,US,258.45,1.87,52.69,8.97,28.81,20,0,,,,,无,OK,,true,USD,盈利跟踪_2026-09-22.md
2026-09-22,AVGO,,US,362.66,1.41,49.00,17.51,20.71,20,0,,,,,无,OK,,true,USD,盈利跟踪_2026-09-22.md
2026-09-22,COIN,,US,201.05,3.50,60.43,0.66,304.62,,0,,,,,无,OK,EXTREME,true,USD,盈利跟踪_2026-09-22.md
2026-09-22,CRCL,,US,94.49,2.95,56.18,1.30,72.68,,0,,,,,无,OK,,true,USD,盈利跟踪_2026-09-22.md
2026-09-22,GOOGL,,US,354.97,1.55,58.88,12.89,27.54,20,0,,,,,无,OK,,true,USD,盈利跟踪_2026-09-22.md
2026-09-22,HOOD,,US,123.30,2.90,62.31,2.34,52.69,,0,,,,,无,OK,,true,USD,盈利跟踪_2026-09-22.md
2026-09-22,INTC,,US,121.78,12.14,70.92,1.74,69.99,,0,,,,,无,OK,,true,USD,盈利跟踪_2026-09-22.md
2026-09-22,IREN,,US,47.23,1.18,60.12,,,,0,,,,,无,NEGATIVE_EPS,,true,USD,盈利跟踪_2026-09-22.md
2026-09-22,MARA,,US,13.28,0.30,63.01,,,,0,,,,,无,NEGATIVE_EPS,,true,USD,盈利跟踪_2026-09-22.md
2026-09-22,MCD,,US,247.88,-0.15,31.94,13.08,18.95,20,1,,,,,无,OK,,true,USD,盈利跟踪_2026-09-22.md
2026-09-22,META,,US,741.25,11.34,77.87,31.04,23.88,18,0,,,,,无,OK,,true,USD,盈利跟踪_2026-09-22.md
2026-09-22,MSFT,,US,501.61,1.59,57.25,19.44,25.80,,0,,,,,无,OK,,true,USD,盈利跟踪_2026-09-22.md
2026-09-22,MSTR,,US,168.50,9.47,70.90,31.84,5.29,,0,,,,,无,OK,,true,USD,盈利跟踪_2026-09-22.md
2026-09-22,MU,,US,1043.96,2.77,61.24,144.94,7.20,6,0,,,,,无,OK,,true,USD,盈利跟踪_2026-09-22.md
2026-09-22,NKE,,US,36.10,1.66,37.50,1.69,21.36,20,0,,,,,无,OK,,true,USD,盈利跟踪_2026-09-22.md
2026-09-22,NOW,,US,137.68,1.63,54.98,4.54,30.33,20,0,,,,,无,OK,,true,USD,盈利跟踪_2026-09-22.md
2026-09-22,NVDA,,US,227.38,2.30,58.39,12.05,18.87,15,0,,,,,无,OK,,true,USD,盈利跟踪_2026-09-22.md
2026-09-22,ORCL,,US,148.56,0.64,50.47,8.33,17.83,15,0,,,,,无,OK,,true,USD,盈利跟踪_2026-09-22.md
2026-09-22,PDD,,US,79.30,0.51,40.62,11.63,6.82,7,1,,,,,无,OK,,true,USD,盈利跟踪_2026-09-22.md
2026-09-22,QCOM,,US,194.23,9.29,65.87,9.21,21.09,,0,,,,,无,OK,,true,USD,盈利跟踪_2026-09-22.md
2026-09-22,SNDK,,US,1766.64,-1.41,59.77,206.02,8.58,6,0,,,,,无,OK,,true,USD,盈利跟踪_2026-09-22.md
2026-09-22,TME,,US,8.17,5.28,46.29,0.88,9.28,,0,,,,,无,OK,,true,USD,盈利跟踪_2026-09-22.md
2026-09-22,TSM,,US,445.14,2.41,61.94,19.70,22.60,20,0,,,,,无,OK,,true,USD,盈利跟踪_2026-09-22.md
2026-09-23,0700.HK,,HK,441.00,-2.35,50.41,34.55,12.76,,0,,,,,无,OK,"BQ_NOT_COVERED,FQ手工填写,合计手工=34.55",true,HKD,盈利跟踪_2026-09-23.md
2026-09-23,AAPL,,US,339.75,0.23,66.93,9.54,35.61,20,0,,,,,无,OK,,true,USD,盈利跟踪_2026-09-23.md
2026-09-23,ADBE,,US,238.25,-4.52,37.39,24.51,9.72,8,0,,,,,无,OK,,true,USD,盈利跟踪_2026-09-23.md
2026-09-23,AMZN,,US,254.98,-1.34,49.23,8.97,28.43,20,0,,,,,无,OK,,true,USD,盈利跟踪_2026-09-23.md
2026-09-23,AVGO,,US,364.54,0.52,50.13,17.51,20.82,20,0,,,,,无,OK,,true,USD,盈利跟踪_2026-09-23.md
2026-09-23,COIN,,US,201.07,0.01,60.45,0.66,304.65,,0,,,,,无,OK,EXTREME,true,USD,盈利跟踪_2026-09-23.md
2026-09-23,CRCL,,US,94.59,0.11,56.29,1.30,72.76,,0,,,,,无,OK,,true,USD,盈利跟踪_2026-09-23.md
2026-09-23,GOOGL,,US,351.16,-1.07,55.35,12.89,27.24,20,0,,,,,无,OK,,true,USD,盈利跟踪_2026-09-23.md
2026-09-23,HOOD,,US,124.25,0.77,62.95,2.34,53.10,,0,,,,,无,OK,,true,USD,盈利跟踪_2026-09-23.md
2026-09-23,INTC,,US,123.86,1.71,72.06,1.74,71.18,,0,,,,,无,OK,,true,USD,盈利跟踪_2026-09-23.md
2026-09-23,IREN,,US,48.55,2.79,62.35,,,,0,,,,,无,NEGATIVE_EPS,,true,USD,盈利跟踪_2026-09-23.md
2026-09-23,MARA,,US,13.63,2.64,64.82,,,,0,,,,,无,NEGATIVE_EPS,,true,USD,盈利跟踪_2026-09-23.md
2026-09-23,MCD,,US,250.35,1.00,37.53,13.08,19.14,20,1,,,,,无,OK,,true,USD,盈利跟踪_2026-09-23.md
2026-09-23,META,,US,736.60,-0.63,76.11,31.04,23.73,18,0,,,,,无,OK,,true,USD,盈利跟踪_2026-09-23.md
2026-09-23,MSFT,,US,498.00,-0.72,54.93,19.44,25.62,,0,,,,,无,OK,,true,USD,盈利跟踪_2026-09-23.md
2026-09-23,MSTR,,US,167.33,-0.69,70.05,31.84,5.26,,0,,,,,无,OK,,true,USD,盈利跟踪_2026-09-23.md
2026-09-23,MU,,US,1096.16,5.00,66.06,144.94,7.56,6,0,,,,,无,OK,,true,USD,盈利跟踪_2026-09-23.md
2026-09-23,NKE,,US,36.10,0.00,37.48,1.69,21.36,20,0,,,,,无,OK,,true,USD,盈利跟踪_2026-09-23.md
2026-09-23,NOW,,US,137.00,-0.49,54.19,4.54,30.18,20,0,,,,,无,OK,,true,USD,盈利跟踪_2026-09-23.md
2026-09-23,NVDA,,US,228.87,0.66,59.52,12.05,18.99,15,0,,,,,无,OK,,true,USD,盈利跟踪_2026-09-23.md
2026-09-23,ORCL,,US,149.20,0.43,51.07,8.33,17.91,15,0,,,,,无,OK,,true,USD,盈利跟踪_2026-09-23.md
2026-09-23,PDD,,US,79.30,0.51,40.63,11.63,6.82,7,1,,,,,无,OK,,false,USD,盈利跟踪_2026-09-23.md
2026-09-23,QCOM,,US,198.27,2.08,67.99,9.21,21.53,,0,,,,,无,OK,,true,USD,盈利跟踪_2026-09-23.md
2026-09-23,SNDK,,US,1887.04,6.82,64.68,206.02,9.16,6,0,,,,,无,OK,,true,USD,盈利跟踪_2026-09-23.md
2026-09-23,TME,,US,8.17,5.28,46.29,0.88,9.28,,0,,,,,无,OK,,false,USD,盈利跟踪_2026-09-23.md
2026-09-23,TSM,,US,452.00,1.54,64.61,19.70,22.94,20,0,,,,,无,OK,,true,USD,盈利跟踪_2026-09-23.md
2026-09-24,0700.HK,,HK,438.40,-0.59,49.13,34.55,12.69,,0,,,,,无,OK,"BQ_NOT_COVERED,FQ手工填写,合计手工=34.55",true,HKD,盈利跟踪_2026-09-24.md
2026-09-24,AAPL,,US,337.02,-0.80,62.94,9.55,35.29,20,0,,,,,无,OK,,true,USD,盈利跟踪_2026-09-24.md
2026-09-24,ADBE,,US,240.69,1.02,39.20,24.51,9.82,8,0,,,,,无,OK,,true,USD,盈利跟踪_2026-09-24.md
2026-09-24,AMZN,,US,249.27,-2.24,44.07,8.97,27.79,20,0,,,,,无,OK,,true,USD,盈利跟踪_2026-09-24.md
2026-09-24,AVGO,,US,354.99,-2.62,44.72,17.00,20.88,20,0,,,,,无,OK,,true,USD,盈利跟踪_2026-09-24.md
2026-09-24,COIN,,US,198.13,-1.46,58.86,0.66,300.20,,0,,,,,无,OK,EXTREME,true,USD,盈利跟踪_2026-09-24.md
2026-09-24,CRCL,,US,91.72,-3.03,53.56,1.30,70.55,,0,,,,,无,OK,,true,USD,盈利跟踪_2026-09-24.md
2026-09-24,GOOGL,,US,337.83,-3.80,45.11,12.88,26.23,20,0,,,,,无,OK,,true,USD,盈利跟踪_2026-09-24.md
2026-09-24,HOOD,,US,122.70,-1.25,61.15,2.34,52.44,,0,,,,,无,OK,,true,USD,盈利跟踪_2026-09-24.md
2026-09-24,INTC,,US,122.60,-1.02,70.25,1.74,70.46,,0,,,,,无,OK,,true,USD,盈利跟踪_2026-09-24.md
2026-09-24,IREN,,US,47.05,-3.09,58.35,,,,0,,,,,无,NEGATIVE_EPS,,true,USD,盈利跟踪_2026-09-24.md
2026-09-24,MARA,,US,13.35,-2.05,62.21,,,,0,,,,,无,NEGATIVE_EPS,,true,USD,盈利跟踪_2026-09-24.md
2026-09-24,MCD,,US,238.32,-4.81,26.23,13.08,18.22,20,1,,,,,无,OK,,true,USD,盈利跟踪_2026-09-24.md
2026-09-24,META,,US,744.10,1.02,76.99,31.04,23.97,18,0,,,,,无,OK,,true,USD,盈利跟踪_2026-09-24.md
2026-09-24,MSFT,,US,500.59,0.52,56.30,19.44,25.75,,0,,,,,无,OK,,true,USD,盈利跟踪_2026-09-24.md
2026-09-24,MSTR,,US,162.20,-3.07,66.24,31.84,5.09,,0,,,,,无,OK,,true,USD,盈利跟踪_2026-09-24.md
2026-09-24,MU,,US,1071.88,-2.22,62.19,144.94,7.40,6,0,,,,,无,OK,,true,USD,盈利跟踪_2026-09-24.md
2026-09-24,NKE,,US,36.05,-0.14,37.23,1.68,21.46,20,0,,,,,无,OK,,true,USD,盈利跟踪_2026-09-24.md
2026-09-24,NOW,,US,140.78,2.76,57.83,4.54,31.01,20,0,,,,,无,OK,,true,USD,盈利跟踪_2026-09-24.md
2026-09-24,NVDA,,US,225.51,-1.47,55.84,12.05,18.71,15,0,,,,,无,OK,,true,USD,盈利跟踪_2026-09-24.md
2026-09-24,ORCL,,US,144.56,-3.11,46.73,8.32,17.37,15,0,,,,,无,OK,,true,USD,盈利跟踪_2026-09-24.md
2026-09-24,PDD,,US,79.20,-0.13,40.32,11.63,6.81,7,1,,,,,无,OK,,true,USD,盈利跟踪_2026-09-24.md
2026-09-24,QCOM,,US,197.24,-0.52,66.85,9.21,21.42,,0,,,,,无,OK,,true,USD,盈利跟踪_2026-09-24.md
2026-09-24,SNDK,,US,1816.57,-3.73,60.05,206.02,8.82,6,0,,,,,无,OK,,true,USD,盈利跟踪_2026-09-24.md
2026-09-24,TME,,US,8.22,0.61,47.68,0.88,9.34,,0,,,,,无,OK,,true,USD,盈利跟踪_2026-09-24.md
2026-09-24,TSM,,US,446.57,-1.20,60.94,19.70,22.67,20,0,,,,,无,OK,,true,USD,盈利跟踪_2026-09-24.md
2026-09-25,0700.HK,,HK,436.60,-0.41,48.23,34.55,12.64,,0,,,,,无,OK,"BQ_NOT_COVERED,FQ手工填写,合计手工=34.55",true,HKD,盈利跟踪_2026-09-25.md
2026-09-25,AAPL,,US,335.92,-0.33,61.35,9.55,35.17,20,0,,,,,无,OK,,true,USD,盈利跟踪_2026-09-25.md
2026-09-25,ADBE,,US,238.93,-0.73,38.33,24.51,9.75,8,0,,,,,无,OK,,true,USD,盈利跟踪_2026-09-25.md
2026-09-25,AMZN,,US,249.38,0.04,44.19,8.97,27.80,20,0,,,,,无,OK,,true,USD,盈利跟踪_2026-09-25.md
2026-09-25,AVGO,,US,350.36,-1.30,42.34,17.00,20.61,20,0,,,,,无,OK,,true,USD,盈利跟踪_2026-09-25.md
2026-09-25,COIN,,US,199.21,0.55,59.28,0.66,301.83,,0,,,,,无,OK,EXTREME,true,USD,盈利跟踪_2026-09-25.md
2026-09-25,CRCL,,US,93.00,1.40,54.61,1.30,71.54,,0,,,,,无,OK,,true,USD,盈利跟踪_2026-09-25.md
2026-09-25,GOOGL,,US,342.36,1.34,48.59,12.88,26.58,20,0,,,,,无,OK,,true,USD,盈利跟踪_2026-09-25.md
2026-09-25,HOOD,,US,120.82,-1.53,58.95,2.34,51.63,,0,,,,,无,OK,,true,USD,盈利跟踪_2026-09-25.md
2026-09-25,INTC,,US,127.39,3.91,73.01,1.74,73.21,,0,,,,,无,OK,,true,USD,盈利跟踪_2026-09-25.md
2026-09-25,IREN,,US,46.15,-1.91,56.04,,,,0,,,,,无,NEGATIVE_EPS,,true,USD,盈利跟踪_2026-09-25.md
2026-09-25,MARA,,US,12.92,-3.22,58.31,,,,0,,,,,无,NEGATIVE_EPS,,true,USD,盈利跟踪_2026-09-25.md
2026-09-25,MCD,,US,237.02,-0.55,25.35,13.08,18.12,20,1,,,,,无,OK,,true,USD,盈利跟踪_2026-09-25.md
2026-09-25,META,,US,777.59,4.50,80.55,31.04,25.05,18,0,,,,,无,OK,,true,USD,盈利跟踪_2026-09-25.md
2026-09-25,MSFT,,US,497.93,-0.53,54.46,19.44,25.61,,0,,,,,无,OK,,true,USD,盈利跟踪_2026-09-25.md
2026-09-25,MSTR,,US,161.61,-0.36,65.80,31.84,5.08,,0,,,,,无,OK,,true,USD,盈利跟踪_2026-09-25.md
2026-09-25,MU,,US,1080.53,0.81,63.02,144.94,7.46,6,0,,,,,无,OK,,true,USD,盈利跟踪_2026-09-25.md
2026-09-25,NKE,,US,35.99,-0.17,36.90,1.68,21.42,20,0,,,,,无,OK,,true,USD,盈利跟踪_2026-09-25.md
2026-09-25,NOW,,US,137.78,-2.13,54.15,4.54,30.35,20,0,,,,,无,OK,,true,USD,盈利跟踪_2026-09-25.md
2026-09-25,NVDA,,US,224.58,-0.41,54.84,12.05,18.64,15,0,,,,,无,OK,,true,USD,盈利跟踪_2026-09-25.md
2026-09-25,ORCL,,US,139.54,-3.47,42.52,8.32,16.77,15,0,,,,,无,OK,,true,USD,盈利跟踪_2026-09-25.md
2026-09-25,PDD,,US,78.20,-1.26,38.65,11.63,6.72,7,1,,,,,无,OK,,true,USD,盈利跟踪_2026-09-25.md
2026-09-25,QCOM,,US,194.26,-1.51,63.53,9.21,21.09,,0,,,,,无,OK,,true,USD,盈利跟踪_2026-09-25.md
2026-09-25,SNDK,,US,1753.62,-3.47,56.19,206.02,8.51,6,0,,,,,无,OK,,true,USD,盈利跟踪_2026-09-25.md
2026-09-25,TME,,US,8.34,1.46,51.02,0.88,9.48,,0,,,,,无,OK,,true,USD,盈利跟踪_2026-09-25.md
2026-09-25,TSM,,US,451.15,1.03,62.86,19.70,22.90,20,0,,,,,无,OK,,true,USD,盈利跟踪_2026-09-25.md
2026-09-26,0700.HK,,HK,436.60,-0.41,48.23,34.55,12.64,,0,,,,,无,OK,"BQ_NOT_COVERED,FQ手工填写,合计手工=34.55",true,HKD,盈利跟踪_2026-09-26.md
2026-09-26,AAPL,,US,341.07,1.53,65.70,9.55,35.71,20,0,9.58,0.49,2,7,强下修,OK,,true,USD,盈利跟踪_2026-09-26.md
2026-09-26,ADBE,,US,235.47,-1.45,36.63,25.92,9.08,8,0,27.67,0.67,,,样本不足,OK,LOW_SAMPLE,true,USD,盈利跟踪_2026-09-26.md
2026-09-26,AMZN,,US,249.67,0.12,44.53,8.97,27.83,20,0,10.50,0.10,8,1,强上修,OK,,true,USD,盈利跟踪_2026-09-26.md
2026-09-26,AVGO,,US,352.81,0.70,44.04,17.00,20.75,20,0,19.38,-0.96,11,25,温和下修,OK,,true,USD,盈利跟踪_2026-09-26.md
2026-09-26,COIN,,US,195.11,-2.06,56.89,0.66,295.62,,0,2.84,-1.45,3,5,温和下修,OK,EXTREME,true,USD,盈利跟踪_2026-09-26.md
2026-09-26,CRCL,,US,89.00,-4.30,50.74,1.32,67.42,,0,1.41,2.03,5,8,温和下修,OK,,true,USD,盈利跟踪_2026-09-26.md
2026-09-26,GOOGL,,US,343.92,0.46,49.77,12.89,26.68,20,0,14.92,0.57,8,1,强上修,OK,,true,USD,盈利跟踪_2026-09-26.md
2026-09-26,HOOD,,US,119.40,-1.18,57.28,2.34,51.03,,0,2.81,3.81,6,0,强上修,OK,,true,USD,盈利跟踪_2026-09-26.md
2026-09-26,INTC,,US,123.00,-3.45,66.90,1.74,70.69,,0,2.06,1.05,4,1,温和上修,OK,,true,USD,盈利跟踪_2026-09-26.md
2026-09-26,IREN,,US,44.12,-4.39,51.13,,,,0,,,,,无,NEGATIVE_EPS,,true,USD,盈利跟踪_2026-09-26.md
2026-09-26,MARA,,US,12.55,-2.86,55.12,,,,0,-0.21,,,,样本不足,NEGATIVE_EPS,LOW_SAMPLE,true,USD,盈利跟踪_2026-09-26.md
2026-09-26,MCD,,US,236.50,-0.22,24.98,13.02,18.16,20,1,13.87,-0.78,3,25,强下修,OK,,true,USD,盈利跟踪_2026-09-26.md
2026-09-26,META,,US,751.66,-3.33,71.38,31.22,24.08,18,0,34.03,0.32,7,39,强下修,OK,,true,USD,盈利跟踪_2026-09-26.md
2026-09-26,MSFT,,US,516.17,3.66,63.31,19.44,26.55,,0,23.68,0.44,19,3,强上修,OK,,true,USD,盈利跟踪_2026-09-26.md
2026-09-26,MSTR,,US,158.61,-1.86,63.48,31.84,4.98,,0,13.12,151.86,3,0,温和上修,OK,,true,USD,盈利跟踪_2026-09-26.md
2026-09-26,MU,,US,1082.28,0.16,63.20,144.71,7.48,6,0,159.49,2.37,2,2,中性,OK,,true,USD,盈利跟踪_2026-09-26.md
2026-09-26,NKE,,US,35.75,-0.67,35.57,1.66,21.54,20,0,2.13,-4.85,1,5,温和下修,OK,,true,USD,盈利跟踪_2026-09-26.md
2026-09-26,NOW,,US,135.62,-1.57,51.60,4.54,29.87,20,0,5.01,0.00,17,19,中性,OK,,true,USD,盈利跟踪_2026-09-26.md
2026-09-26,NVDA,,US,225.07,0.22,55.30,12.05,18.68,15,0,15.68,19.46,42,0,强上修,OK,,true,USD,盈利跟踪_2026-09-26.md
2026-09-26,ORCL,,US,137.10,-1.75,40.61,8.32,16.48,15,0,11.00,0.75,4,0,温和上修,OK,,true,USD,盈利跟踪_2026-09-26.md
2026-09-26,PDD,,US,77.57,-0.81,37.02,11.60,6.69,7,1,82.58,0.07,11,12,中性,OK,,true,USD,盈利跟踪_2026-09-26.md
2026-09-26,QCOM,,US,201.97,3.97,67.96,9.21,21.93,,0,10.18,-0.24,3,27,强下修,OK,,true,USD,盈利跟踪_2026-09-26.md
2026-09-26,SNDK,,US,1777.80,1.38,57.33,206.91,8.59,6,0,263.49,-0.47,7,4,温和上修,OK,,true,USD,盈利跟踪_2026-09-26.md
2026-09-26,TME,,US,8.39,0.60,52.38,0.88,9.53,,0,6.75,0.00,2,17,强下修,OK,,true,USD,盈利跟踪_2026-09-26.md
2026-09-26,TSM,,US,450.61,-0.12,62.48,19.72,22.85,20,0,21.93,0.66,9,0,强上修,OK,,true,USD,盈利跟踪_2026-09-26.md
2026-09-27,0700.HK,,HK,436.60,-0.41,48.23,34.55,12.64,,0,,,,,无,OK,"BQ_NOT_COVERED,FQ手工填写,合计手工=34.55",true,HKD,盈利跟踪_2026-09-27.md
2026-09-27,AAPL,,US,341.07,1.53,65.70,9.55,35.71,20,0,9.58,0.49,2,7,强下修,OK,,true,USD,盈利跟踪_2026-09-27.md
2026-09-27,ADBE,,US,235.47,-1.45,36.63,25.92,9.08,8,0,27.67,0.67,,,样本不足,OK,LOW_SAMPLE,true,USD,盈利跟踪_2026-09-27.md
2026-09-27,AMZN,,US,249.67,0.12,44.53,8.97,27.83,20,0,10.50,0.10,8,1,强上修,OK,,true,USD,盈利跟踪_2026-09-27.md
2026-09-27,AVGO,,US,352.81,0.70,44.04,17.00,20.75,20,0,19.38,-0.96,11,25,温和下修,OK,,true,USD,盈利跟踪_2026-09-27.md
2026-09-27,COIN,,US,195.11,-2.06,56.89,0.66,295.62,,0,2.84,-1.45,3,5,温和下修,OK,EXTREME,true,USD,盈利跟踪_2026-09-27.md
2026-09-27,CRCL,,US,89.00,-4.30,50.74,1.32,67.42,,0,1.41,2.03,5,8,温和下修,OK,,true,USD,盈利跟踪_2026-09-27.md
2026-09-27,GOOGL,,US,343.92,0.46,49.77,12.89,26.68,20,0,14.92,0.57,8,1,强上修,OK,,true,USD,盈利跟踪_2026-09-27.md
2026-09-27,HOOD,,US,119.40,-1.18,57.28,2.34,51.03,,0,2.81,3.81,6,0,强上修,OK,,true,USD,盈利跟踪_2026-09-27.md
2026-09-27,INTC,,US,123.00,-3.45,66.90,1.74,70.69,,0,2.06,1.05,4,1,温和上修,OK,,true,USD,盈利跟踪_2026-09-27.md
2026-09-27,IREN,,US,44.12,-4.39,51.13,,,,0,,,,,无,NEGATIVE_EPS,,true,USD,盈利跟踪_2026-09-27.md
2026-09-27,MARA,,US,12.55,-2.86,55.12,,,,0,-0.21,,,,样本不足,NEGATIVE_EPS,LOW_SAMPLE,true,USD,盈利跟踪_2026-09-27.md
2026-09-27,MCD,,US,236.50,-0.22,24.98,13.02,18.16,20,1,13.87,-0.78,3,25,强下修,OK,,true,USD,盈利跟踪_2026-09-27.md
2026-09-27,META,,US,751.66,-3.33,71.38,31.22,24.08,18,0,34.03,0.25,7,39,强下修,OK,,true,USD,盈利跟踪_2026-09-27.md
2026-09-27,MSFT,,US,516.17,3.66,63.31,19.44,26.55,,0,23.68,0.44,19,3,强上修,OK,,true,USD,盈利跟踪_2026-09-27.md
2026-09-27,MSTR,,US,158.61,-1.86,63.48,31.84,4.98,,0,13.12,151.86,3,0,温和上修,OK,,true,USD,盈利跟踪_2026-09-27.md
2026-09-27,MU,,US,1082.28,0.16,63.20,144.71,7.48,6,0,159.49,2.37,2,2,中性,OK,,true,USD,盈利跟踪_2026-09-27.md
2026-09-27,NKE,,US,35.75,-0.67,35.57,1.66,21.54,20,0,2.13,-4.85,1,5,温和下修,OK,,true,USD,盈利跟踪_2026-09-27.md
2026-09-27,NOW,,US,135.62,-1.57,51.60,4.54,29.87,20,0,5.01,0.00,17,19,中性,OK,,true,USD,盈利跟踪_2026-09-27.md
2026-09-27,NVDA,,US,225.07,0.22,55.30,12.05,18.68,15,0,15.68,19.46,42,0,强上修,OK,,true,USD,盈利跟踪_2026-09-27.md
2026-09-27,ORCL,,US,137.10,-1.75,40.61,8.32,16.48,15,0,11.00,0.75,4,0,温和上修,OK,,true,USD,盈利跟踪_2026-09-27.md
2026-09-27,PDD,,US,77.57,-0.81,37.02,11.60,6.69,7,1,82.58,0.07,11,12,中性,OK,,true,USD,盈利跟踪_2026-09-27.md
2026-09-27,QCOM,,US,201.97,3.97,67.96,9.21,21.93,,0,10.18,-0.24,3,27,强下修,OK,,true,USD,盈利跟踪_2026-09-27.md
2026-09-27,SNDK,,US,1777.80,1.38,57.33,206.91,8.59,6,0,263.49,-0.47,7,4,温和上修,OK,,true,USD,盈利跟踪_2026-09-27.md
2026-09-27,TME,,US,8.39,0.60,52.38,0.88,9.53,,0,6.75,0.00,2,17,强下修,OK,,true,USD,盈利跟踪_2026-09-27.md
2026-09-27,TSM,,US,450.61,-0.12,62.48,19.72,22.85,20,0,21.93,0.66,9,0,强上修,OK,,true,USD,盈利跟踪_2026-09-27.md
2026-09-28,0700.HK,,HK,439.80,0.73,50.00,34.55,12.73,,0,,,,,无,OK,"BQ_NOT_COVERED,FQ手工填写,合计手工=34.55",true,HKD,盈利跟踪_2026-09-28.md
2026-09-28,AAPL,,US,338.40,-0.78,65.72,9.55,35.43,20,0,9.58,0.49,2,7,强下修,OK,,true,USD,盈利跟踪_2026-09-28.md
2026-09-28,ADBE,,US,231.01,-1.89,36.64,25.92,8.91,8,0,27.67,0.67,,,样本不足,OK,LOW_SAMPLE,true,USD,盈利跟踪_2026-09-28.md
2026-09-28,AMZN,,US,246.15,-1.41,44.55,8.97,27.44,20,0,10.50,0.10,8,1,强上修,OK,,true,USD,盈利跟踪_2026-09-28.md
2026-09-28,AVGO,,US,349.57,-0.92,44.06,17.00,20.56,20,0,19.38,-0.96,11,25,温和下修,OK,,true,USD,盈利跟踪_2026-09-28.md
2026-09-28,COIN,,US,191.79,-1.70,56.91,0.66,290.59,,0,2.84,-0.73,3,5,温和下修,OK,EXTREME,true,USD,盈利跟踪_2026-09-28.md
2026-09-28,CRCL,,US,85.80,-3.60,50.75,1.32,65.00,,0,1.41,2.03,5,8,温和下修,OK,,true,USD,盈利跟踪_2026-09-28.md
2026-09-28,GOOGL,,US,342.75,-0.34,49.79,12.89,26.59,20,0,14.94,0.57,8,1,强上修,OK,,true,USD,盈利跟踪_2026-09-28.md
2026-09-28,HOOD,,US,116.46,-2.46,57.30,2.34,49.77,,0,2.81,3.81,6,0,强上修,OK,,true,USD,盈利跟踪_2026-09-28.md
2026-09-28,INTC,,US,116.03,-5.67,66.90,1.74,66.68,,0,2.06,1.05,4,1,温和上修,OK,,true,USD,盈利跟踪_2026-09-28.md
2026-09-28,IREN,,US,41.72,-5.45,51.14,,,,0,,,,,无,NEGATIVE_EPS,,true,USD,盈利跟踪_2026-09-28.md
2026-09-28,MARA,,US,12.11,-3.51,55.13,,,,0,-0.21,,,,样本不足,NEGATIVE_EPS,LOW_SAMPLE,true,USD,盈利跟踪_2026-09-28.md
2026-09-28,MCD,,US,233.60,-1.23,24.99,13.02,17.94,20,1,13.87,-0.81,3,25,强下修,OK,,true,USD,盈利跟踪_2026-09-28.md
2026-09-28,META,,US,715.62,-4.79,71.39,31.22,22.92,18,0,34.03,0.25,7,39,强下修,OK,,true,USD,盈利跟踪_2026-09-28.md
2026-09-28,MSFT,,US,509.22,-1.35,63.32,19.44,26.19,,0,23.68,0.44,19,3,强上修,OK,,true,USD,盈利跟踪_2026-09-28.md
2026-09-28,MSTR,,US,157.14,-0.93,63.49,31.84,4.94,,0,13.12,151.86,3,0,温和上修,OK,,true,USD,盈利跟踪_2026-09-28.md
2026-09-28,MU,,US,1053.98,-2.61,63.20,144.71,7.28,6,0,160.19,2.81,2,2,中性,OK,,true,USD,盈利跟踪_2026-09-28.md
2026-09-28,NKE,,US,36.39,1.79,35.59,1.66,21.92,20,0,2.11,-5.55,1,5,温和下修,OK,,true,USD,盈利跟踪_2026-09-28.md
2026-09-28,NOW,,US,131.45,-3.07,51.61,4.54,28.95,20,0,5.01,0.00,17,19,中性,OK,,true,USD,盈利跟踪_2026-09-28.md
2026-09-28,NVDA,,US,228.86,1.68,55.32,12.05,18.99,15,0,15.68,19.46,42,0,强上修,OK,,true,USD,盈利跟踪_2026-09-28.md
2026-09-28,ORCL,,US,132.60,-3.28,40.62,8.32,15.94,15,0,11.00,0.65,4,0,温和上修,OK,,true,USD,盈利跟踪_2026-09-28.md
2026-09-28,PDD,,US,78.49,1.19,37.05,11.60,6.77,7,1,82.58,0.07,11,12,中性,OK,,true,USD,盈利跟踪_2026-09-28.md
2026-09-28,QCOM,,US,187.48,-7.17,67.96,9.21,20.36,,0,10.18,-0.24,3,27,强下修,OK,,true,USD,盈利跟踪_2026-09-28.md
2026-09-28,SNDK,,US,1712.89,-3.65,57.33,206.91,8.28,6,0,263.49,-0.47,7,4,温和上修,OK,,true,USD,盈利跟踪_2026-09-28.md
2026-09-28,TME,,US,8.37,-0.24,52.38,0.88,9.51,,0,6.75,0.00,2,17,强下修,OK,,true,USD,盈利跟踪_2026-09-28.md
2026-09-28,TSM,,US,452.88,0.50,62.49,19.72,22.97,20,0,21.93,0.66,9,0,强上修,OK,,true,USD,盈利跟踪_2026-09-28.md
2026-09-29,0700.HK,,HK,432.00,-1.77,45.91,34.55,12.50,,0,,,,,无,OK,"BQ_NOT_COVERED,FQ手工填写,合计手工=34.55",true,HKD,盈利跟踪_2026-09-29.md
2026-09-29,AAPL,,US,329.40,-2.66,61.83,9.55,34.49,20,0,9.58,0.49,2,7,强下修,OK,,true,USD,盈利跟踪_2026-09-29.md
2026-09-29,ADBE,,US,233.17,0.94,34.51,25.92,9.00,8,0,27.67,0.67,,,样本不足,OK,LOW_SAMPLE,true,USD,盈利跟踪_2026-09-29.md
2026-09-29,AMZN,,US,246.67,0.21,41.26,8.97,27.50,20,0,10.50,0.10,8,1,强上修,OK,,true,USD,盈利跟踪_2026-09-29.md
2026-09-29,AVGO,,US,355.10,1.58,42.28,17.00,20.89,20,0,19.38,-0.94,11,25,温和下修,OK,,true,USD,盈利跟踪_2026-09-29.md
2026-09-29,COIN,,US,190.02,-0.92,54.97,0.70,271.46,,0,2.84,-0.73,3,5,温和下修,OK,EXTREME,true,USD,盈利跟踪_2026-09-29.md
2026-09-29,CRCL,,US,83.70,-2.45,47.83,1.32,63.41,,0,1.41,2.03,5,8,温和下修,OK,,true,USD,盈利跟踪_2026-09-29.md
2026-09-29,GOOGL,,US,340.92,-0.53,48.88,12.92,26.39,20,0,14.94,0.57,8,1,强上修,OK,,true,USD,盈利跟踪_2026-09-29.md
2026-09-29,HOOD,,US,116.22,-0.21,53.89,2.38,48.83,,0,2.85,4.91,6,0,强上修,OK,,true,USD,盈利跟踪_2026-09-29.md
2026-09-29,INTC,,US,115.93,-0.09,58.53,1.74,66.63,,0,2.06,1.05,4,1,温和上修,OK,,true,USD,盈利跟踪_2026-09-29.md
2026-09-29,IREN,,US,41.38,-0.81,45.99,,,,0,,,,,无,NEGATIVE_EPS,,true,USD,盈利跟踪_2026-09-29.md
2026-09-29,MARA,,US,11.99,-0.99,51.51,,,,0,-0.21,,,,样本不足,NEGATIVE_EPS,LOW_SAMPLE,true,USD,盈利跟踪_2026-09-29.md
2026-09-29,MCD,,US,233.98,0.16,23.01,13.02,17.97,20,1,13.86,-0.85,3,25,强下修,OK,,true,USD,盈利跟踪_2026-09-29.md
2026-09-29,META,,US,738.79,3.24,61.00,31.22,23.66,18,0,34.03,0.25,7,39,强下修,OK,,true,USD,盈利跟踪_2026-09-29.md
2026-09-29,MSFT,,US,508.96,-0.05,58.65,19.44,26.18,,0,23.68,0.44,19,3,强上修,OK,,true,USD,盈利跟踪_2026-09-29.md
2026-09-29,MSTR,,US,154.67,-1.57,62.33,29.95,5.16,,0,13.12,151.86,3,0,温和上修,OK,,true,USD,盈利跟踪_2026-09-29.md
2026-09-29,MU,,US,1065.08,1.05,58.35,146.58,7.27,6,0,161.49,3.65,2,2,中性,OK,,true,USD,盈利跟踪_2026-09-29.md
2026-09-29,NKE,,US,35.84,-1.51,41.66,1.64,21.85,20,0,2.10,-6.00,1,5,温和下修,OK,,true,USD,盈利跟踪_2026-09-29.md
2026-09-29,NOW,,US,129.94,-1.15,47.01,4.54,28.62,20,0,5.01,0.00,17,19,中性,OK,,true,USD,盈利跟踪_2026-09-29.md
2026-09-29,NVDA,,US,227.21,-0.72,58.79,12.05,18.86,15,0,15.68,2.46,42,0,强上修,OK,,true,USD,盈利跟踪_2026-09-29.md
2026-09-29,ORCL,,US,137.79,3.91,37.29,8.32,16.56,15,0,11.00,0.65,4,0,温和上修,OK,,true,USD,盈利跟踪_2026-09-29.md
2026-09-29,PDD,,US,77.50,-1.26,40.95,11.59,6.69,7,1,82.58,-0.83,11,12,中性,OK,,true,USD,盈利跟踪_2026-09-29.md
2026-09-29,QCOM,,US,184.10,-1.80,54.55,9.20,20.01,,0,10.20,0.02,3,27,强下修,OK,,true,USD,盈利跟踪_2026-09-29.md
2026-09-29,SNDK,,US,1729.76,0.98,53.33,206.91,8.36,6,0,263.49,-0.47,7,4,温和上修,OK,,true,USD,盈利跟踪_2026-09-29.md
2026-09-29,TME,,US,7.96,-4.90,51.76,0.88,9.05,,0,6.75,0.00,2,17,强下修,OK,,true,USD,盈利跟踪_2026-09-29.md
2026-09-29,TSM,,US,456.94,0.90,63.51,19.70,23.19,20,0,21.93,0.66,9,0,强上修,OK,,true,USD,盈利跟踪_2026-09-29.md
2026-09-30,0700.HK,,HK,431.00,-0.23,45.40,34.55,12.47,,0,,,,,无,OK,"BQ_NOT_COVERED,FQ手工填写,合计手工=34.55",true,HKD,盈利跟踪_2026-09-30.md
2026-09-30,AAPL,,US,333.02,1.10,50.90,9.55,34.87,20,0,9.58,0.49,2,7,强下修,OK,,true,USD,盈利跟踪_2026-09-30.md
2026-09-30,ADBE,,US,239.94,2.90,36.43,25.92,9.26,8,0,27.67,0.67,,,样本不足,OK,LOW_SAMPLE,true,USD,盈利跟踪_2026-09-30.md
2026-09-30,AMZN,,US,249.15,1.01,41.92,8.97,27.78,20,0,10.50,0.10,8,1,强上修,OK,,true,USD,盈利跟踪_2026-09-30.md
2026-09-30,AVGO,,US,351.19,-1.10,46.25,17.00,20.66,20,0,19.38,-0.96,11,25,温和下修,OK,,true,USD,盈利跟踪_2026-09-30.md
2026-09-30,COIN,,US,186.41,-1.90,53.91,0.70,266.30,,0,2.84,-0.73,3,5,温和下修,OK,EXTREME,true,USD,盈利跟踪_2026-09-30.md
2026-09-30,CRCL,,US,82.17,-1.83,45.95,1.32,62.25,,0,1.41,2.03,5,8,温和下修,OK,,true,USD,盈利跟踪_2026-09-30.md
2026-09-30,GOOGL,,US,344.08,0.93,47.41,12.92,26.63,20,0,14.95,0.66,8,1,强上修,OK,,true,USD,盈利跟踪_2026-09-30.md
2026-09-30,HOOD,,US,112.50,-3.20,53.60,2.38,47.27,,0,2.85,4.96,6,0,强上修,OK,,true,USD,盈利跟踪_2026-09-30.md
2026-09-30,INTC,,US,120.23,3.71,58.41,1.74,69.10,,0,2.06,1.05,4,1,温和上修,OK,,true,USD,盈利跟踪_2026-09-30.md
2026-09-30,IREN,,US,40.88,-1.21,45.29,,,,0,,,,,无,NEGATIVE_EPS,,true,USD,盈利跟踪_2026-09-30.md
2026-09-30,MARA,,US,11.33,-5.50,50.54,,,,0,-0.21,,,,样本不足,NEGATIVE_EPS,LOW_SAMPLE,true,USD,盈利跟踪_2026-09-30.md
2026-09-30,MCD,,US,230.94,-1.30,23.85,13.02,17.74,20,1,13.86,-0.88,3,25,强下修,OK,,true,USD,盈利跟踪_2026-09-30.md
2026-09-30,META,,US,725.18,-1.84,64.56,31.22,23.23,18,0,34.03,0.25,7,39,强下修,OK,,true,USD,盈利跟踪_2026-09-30.md
2026-09-30,MSFT,,US,512.90,0.77,58.47,19.44,26.38,,0,23.64,0.30,19,3,强上修,OK,,true,USD,盈利跟踪_2026-09-30.md
2026-09-30,MSTR,,US,153.09,-1.02,60.33,29.95,5.11,,0,13.12,151.86,3,0,温和上修,OK,,true,USD,盈利跟踪_2026-09-30.md
2026-09-30,MU,,US,1065.11,0.00,59.66,146.58,7.27,6,0,181.98,6.41,3,1,温和上修,OK,,true,USD,盈利跟踪_2026-09-30.md
2026-09-30,NKE,,US,35.40,-1.23,38.30,1.64,21.59,20,0,2.10,-6.00,1,5,温和下修,OK,,true,USD,盈利跟踪_2026-09-30.md
2026-09-30,NOW,,US,134.01,3.13,45.43,4.54,29.52,20,0,5.01,0.00,17,19,中性,OK,,true,USD,盈利跟踪_2026-09-30.md
2026-09-30,NVDA,,US,228.38,0.51,56.71,12.05,18.95,15,0,15.68,2.46,42,0,强上修,OK,,true,USD,盈利跟踪_2026-09-30.md
2026-09-30,ORCL,,US,137.30,-0.36,43.08,8.32,16.50,15,0,11.00,0.65,4,0,温和上修,OK,,true,USD,盈利跟踪_2026-09-30.md
2026-09-30,PDD,,US,77.94,0.57,38.18,11.59,6.72,7,1,82.58,-0.83,11,12,中性,OK,,true,USD,盈利跟踪_2026-09-30.md
2026-09-30,QCOM,,US,184.04,-0.03,51.97,9.20,20.00,,0,10.20,0.02,3,27,强下修,OK,,true,USD,盈利跟踪_2026-09-30.md
2026-09-30,SNDK,,US,1739.89,0.59,54.22,206.91,8.41,6,0,263.49,-0.47,7,4,温和上修,OK,,true,USD,盈利跟踪_2026-09-30.md
2026-09-30,TME,,US,7.93,-0.38,41.10,0.88,9.01,,0,6.75,0.00,2,17,强下修,OK,,true,USD,盈利跟踪_2026-09-30.md
2026-09-30,TSM,,US,456.19,-0.16,65.30,19.70,23.16,20,0,21.93,0.66,9,0,强上修,OK,,true,USD,盈利跟踪_2026-09-30.md
2026-10-01,0700.HK,,HK,431.00,-0.23,45.40,34.55,12.47,,0,30.85,,3,26,强下修,OK,"BQ_NOT_COVERED,FQ手工填写,合计手工=34.55",false,HKD,盈利跟踪_2026-10-01.md
2026-10-01,AAPL,,US,330.32,-0.81,54.39,9.55,34.59,20,0,9.58,0.47,2,7,强下修,OK,,true,USD,盈利跟踪_2026-10-01.md
2026-10-01,ADBE,,US,241.28,0.56,42.16,25.92,9.31,8,0,27.67,0.67,,,样本不足,OK,LOW_SAMPLE,true,USD,盈利跟踪_2026-10-01.md
2026-10-01,AMZN,,US,248.23,-0.37,45.20,8.97,27.67,20,0,10.50,0.10,8,1,强上修,OK,,true,USD,盈利跟踪_2026-10-01.md
2026-10-01,AVGO,,US,343.64,-2.15,43.94,17.00,20.21,20,0,19.39,-0.89,11,25,温和下修,OK,,true,USD,盈利跟踪_2026-10-01.md
2026-10-01,COIN,,US,189.29,1.54,51.74,0.70,270.41,,0,2.84,-0.73,3,5,温和下修,OK,EXTREME,true,USD,盈利跟踪_2026-10-01.md
2026-10-01,CRCL,,US,82.91,0.90,44.58,1.32,62.81,,0,1.39,-0.29,5,8,温和下修,OK,,true,USD,盈利跟踪_2026-10-01.md
2026-10-01,GOOGL,,US,338.24,-1.70,50.18,12.92,26.18,20,0,14.95,0.66,8,1,强上修,OK,,true,USD,盈利跟踪_2026-10-01.md
2026-10-01,HOOD,,US,111.15,-1.20,49.33,2.38,46.70,,0,2.85,4.14,6,0,强上修,OK,,true,USD,盈利跟踪_2026-10-01.md
2026-10-01,INTC,,US,120.00,-0.19,61.82,1.74,68.97,,0,2.06,1.05,4,1,温和上修,OK,,true,USD,盈利跟踪_2026-10-01.md
2026-10-01,IREN,,US,40.65,-0.56,44.22,,,,0,,,,,无,NEGATIVE_EPS,,true,USD,盈利跟踪_2026-10-01.md
2026-10-01,MARA,,US,11.21,-1.06,45.45,,,,0,-0.21,,,,样本不足,NEGATIVE_EPS,LOW_SAMPLE,true,USD,盈利跟踪_2026-10-01.md
2026-10-01,MCD,,US,231.83,0.39,21.78,13.02,17.81,20,1,13.82,-1.12,3,25,强下修,OK,,true,USD,盈利跟踪_2026-10-01.md
2026-10-01,META,,US,725.93,0.10,61.03,31.22,23.25,18,0,34.07,0.36,7,39,强下修,OK,,true,USD,盈利跟踪_2026-10-01.md
2026-10-01,MSFT,,US,512.80,-0.02,60.38,19.44,26.38,,0,23.65,0.31,19,3,强上修,OK,,true,USD,盈利跟踪_2026-10-01.md
2026-10-01,MSTR,,US,160.50,4.84,59.04,29.95,5.36,,0,13.12,151.86,3,0,温和上修,OK,,true,USD,盈利跟踪_2026-10-01.md
2026-10-01,MU,,US,1097.39,3.03,59.66,146.58,7.49,6,0,205.30,20.04,3,1,温和上修,OK,,true,USD,盈利跟踪_2026-10-01.md
2026-10-01,NKE,,US,35.15,-0.71,35.83,1.64,21.43,20,0,2.10,-6.00,1,5,温和下修,OK,,true,USD,盈利跟踪_2026-10-01.md
2026-10-01,NOW,,US,137.76,2.80,50.28,4.54,30.34,20,0,5.01,0.00,17,19,中性,OK,,true,USD,盈利跟踪_2026-10-01.md
2026-10-01,NVDA,,US,230.86,1.09,57.84,12.05,19.16,15,0,15.70,1.89,42,0,强上修,OK,,true,USD,盈利跟踪_2026-10-01.md
2026-10-01,ORCL,,US,138.07,0.56,42.68,8.32,16.59,15,0,11.00,0.65,4,0,温和上修,OK,,true,USD,盈利跟踪_2026-10-01.md
2026-10-01,PDD,,US,76.50,-1.85,40.11,11.59,6.60,7,1,82.58,-0.83,11,12,中性,OK,,true,USD,盈利跟踪_2026-10-01.md
2026-10-01,QCOM,,US,182.09,-1.06,51.93,9.20,19.79,,0,10.20,0.02,3,27,强下修,OK,,true,USD,盈利跟踪_2026-10-01.md
2026-10-01,SNDK,,US,1787.69,2.75,54.78,206.91,8.64,6,0,263.49,-0.47,7,4,温和上修,OK,,true,USD,盈利跟踪_2026-10-01.md
2026-10-01,TME,,US,7.77,-2.02,40.43,0.88,8.83,,0,6.75,0.00,2,17,强下修,OK,,true,USD,盈利跟踪_2026-10-01.md
2026-10-01,TSM,,US,459.20,0.66,64.67,19.70,23.31,20,0,21.93,0.66,9,0,强上修,OK,,true,USD,盈利跟踪_2026-10-01.md
2026-10-02,0700.HK,,HK,,,,34.55,,,0,30.85,,3,26,强下修,NO_PRICE,"BQ_NOT_COVERED,FQ手工填写,合计手工=34.55",true,HKD,盈利跟踪_2026-10-02.md
2026-10-02,AAPL,,US,,,,,,20,0,9.58,,2,7,强下修,CACHED,,true,USD,盈利跟踪_2026-10-02.md
2026-10-02,ADBE,,US,,,,,,8,0,27.67,,,,样本不足,CACHED,LOW_SAMPLE,true,USD,盈利跟踪_2026-10-02.md
2026-10-02,AMZN,,US,,,,,,20,0,10.50,,8,1,强上修,CACHED,,true,USD,盈利跟踪_2026-10-02.md
2026-10-02,AVGO,,US,,,,,,20,0,19.39,,11,25,温和下修,CACHED,,true,USD,盈利跟踪_2026-10-02.md
2026-10-02,COIN,,US,,,,,,,0,2.84,,3,5,温和下修,CACHED,,true,USD,盈利跟踪_2026-10-02.md
2026-10-02,CRCL,,US,,,,,,,0,1.39,,5,8,温和下修,CACHED,,true,USD,盈利跟踪_2026-10-02.md
2026-10-02,GOOGL,,US,,,,,,20,0,14.95,,8,1,强上修,CACHED,,true,USD,盈利跟踪_2026-10-02.md
2026-10-02,HOOD,,US,,,,,,,0,2.85,,6,0,强上修,CACHED,,true,USD,盈利跟踪_2026-10-02.md
2026-10-02,INTC,,US,,,,,,,0,2.06,,4,1,温和上修,CACHED,,true,USD,盈利跟踪_2026-10-02.md
2026-10-02,IREN,,US,,,,,,,0,,,,,无,CACHED,,true,USD,盈利跟踪_2026-10-02.md
2026-10-02,MARA,,US,,,,,,,0,-0.21,,,,样本不足,CACHED,LOW_SAMPLE,true,USD,盈利跟踪_2026-10-02.md
2026-10-02,MCD,,US,,,,,,20,0,13.82,,3,25,强下修,CACHED,,true,USD,盈利跟踪_2026-10-02.md
2026-10-02,META,,US,,,,,,18,0,34.07,,7,39,强下修,CACHED,,true,USD,盈利跟踪_2026-10-02.md
2026-10-02,MSFT,,US,,,,,,,0,23.65,,19,3,强上修,CACHED,,true,USD,盈利跟踪_2026-10-02.md
2026-10-02,MSTR,,US,,,,,,,0,13.12,,3,0,温和上修,CACHED,,true,USD,盈利跟踪_2026-10-02.md
2026-10-02,MU,,US,,,,,,6,0,205.30,,3,1,温和上修,CACHED,,true,USD,盈利跟踪_2026-10-02.md
2026-10-02,NKE,,US,,,,,,20,0,2.10,,1,5,温和下修,CACHED,,true,USD,盈利跟踪_2026-10-02.md
2026-10-02,NOW,,US,,,,,,20,0,5.01,,17,19,中性,CACHED,,true,USD,盈利跟踪_2026-10-02.md
2026-10-02,NVDA,,US,,,,,,15,0,15.70,,42,0,强上修,CACHED,,true,USD,盈利跟踪_2026-10-02.md
2026-10-02,ORCL,,US,,,,,,15,0,11.00,,4,0,温和上修,CACHED,,true,USD,盈利跟踪_2026-10-02.md
2026-10-02,PDD,,US,,,,,,7,0,82.58,,11,12,中性,CACHED,,true,USD,盈利跟踪_2026-10-02.md
2026-10-02,QCOM,,US,,,,,,,0,10.20,,3,27,强下修,CACHED,,true,USD,盈利跟踪_2026-10-02.md
2026-10-02,SNDK,,US,,,,,,6,0,263.49,,7,4,温和上修,CACHED,,true,USD,盈利跟踪_2026-10-02.md
2026-10-02,TME,,US,,,,,,,0,6.75,,2,17,强下修,CACHED,,true,USD,盈利跟踪_2026-10-02.md
2026-10-02,TSM,,US,,,,,,20,0,21.93,,9,0,强上修,CACHED,,true,USD,盈利跟踪_2026-10-02.md
2026-10-03,0700.HK,,HK,421.20,-2.27,40.61,34.55,12.19,,0,30.85,,3,26,强下修,OK,"FQ手工填写,PRICE_TV,RSI_TV,TV_FQ不采用,合计手工=34.55",true,HKD,盈利跟踪_2026-10-03.md
2026-10-03,AAPL,,US,333.69,1.02,54.72,9.29,35.91,20,0,9.58,0.47,2,7,强下修,OK,RSI_TV,true,USD,盈利跟踪_2026-10-03.md
2026-10-03,ADBE,,US,237.69,-1.49,41.02,26.89,8.84,8,0,27.67,0.67,,,样本不足,OK,"LOW_SAMPLE,RSI_TV",true,USD,盈利跟踪_2026-10-03.md
2026-10-03,AMZN,,US,251.52,1.33,48.56,9.33,26.96,20,0,10.50,0.10,8,1,强上修,OK,RSI_TV,true,USD,盈利跟踪_2026-10-03.md
2026-10-03,AVGO,,US,355.14,3.35,47.64,17.38,20.43,20,0,19.39,-0.89,11,25,温和下修,OK,RSI_TV,true,USD,盈利跟踪_2026-10-03.md
2026-10-03,COIN,,US,183.00,-3.32,49.45,0.74,248.47,,0,2.84,-0.73,3,5,温和下修,OK,"EXTREME,RSI_TV",true,USD,盈利跟踪_2026-10-03.md
2026-10-03,CRCL,,US,81.25,-2.00,43.81,1.27,64.04,,0,1.39,-0.29,5,8,温和下修,OK,RSI_TV,true,USD,盈利跟踪_2026-10-03.md
2026-10-03,GOOGL,,US,343.50,1.56,49.97,13.48,25.49,20,0,14.95,0.66,8,1,强上修,OK,RSI_TV,true,USD,盈利跟踪_2026-10-03.md
2026-10-03,HOOD,,US,112.74,1.43,49.76,2.49,45.28,,0,2.85,4.14,6,0,强上修,OK,RSI_TV,true,USD,盈利跟踪_2026-10-03.md
2026-10-03,INTC,,US,119.33,-0.56,60.64,1.71,69.96,,0,2.06,1.05,4,1,温和上修,OK,RSI_TV,true,USD,盈利跟踪_2026-10-03.md
2026-10-03,MCD,,US,231.89,0.03,23.76,13.21,17.56,20,1,13.82,-1.12,3,25,强下修,OK,RSI_TV,true,USD,盈利跟踪_2026-10-03.md
2026-10-03,META,,US,728.08,0.30,61.49,30.64,23.76,18,0,34.07,0.36,7,39,强下修,OK,RSI_TV,true,USD,盈利跟踪_2026-10-03.md
2026-10-03,MSFT,,US,517.53,0.92,62.62,19.64,26.36,,0,23.65,0.31,19,3,强上修,OK,RSI_TV,true,USD,盈利跟踪_2026-10-03.md
2026-10-03,MSTR,,US,160.01,-0.31,62.62,31.74,5.04,,0,13.12,151.86,3,0,温和上修,OK,RSI_TV,true,USD,盈利跟踪_2026-10-03.md
2026-10-03,MU,,US,1074.89,-2.05,59.26,172.73,6.22,6,0,205.30,20.04,3,1,温和上修,OK,RSI_TV,true,USD,盈利跟踪_2026-10-03.md
2026-10-03,NKE,,US,33.87,-3.64,28.21,1.29,26.24,20,0,2.10,-6.00,1,5,温和下修,OK,RSI_TV,true,USD,盈利跟踪_2026-10-03.md
2026-10-03,NVDA,,US,233.95,1.34,62.90,12.01,19.49,15,0,15.70,1.89,42,0,强上修,OK,RSI_TV,true,USD,盈利跟踪_2026-10-03.md
2026-10-03,ORCL,,US,142.30,3.06,48.31,8.52,16.70,15,0,11.00,0.65,4,0,温和上修,OK,RSI_TV,true,USD,盈利跟踪_2026-10-03.md
2026-10-03,PDD,,US,75.38,-1.46,33.38,11.27,6.69,7,1,82.58,-0.83,11,12,中性,OK,RSI_TV,true,USD,盈利跟踪_2026-10-03.md
2026-10-03,QCOM,,US,184.87,1.53,52.39,9.25,19.99,,0,10.20,0.02,3,27,强下修,OK,RSI_TV,true,USD,盈利跟踪_2026-10-03.md
2026-10-03,SNDK,,US,1719.99,-3.79,52.72,211.02,8.15,6,0,263.49,-0.47,7,4,温和上修,OK,RSI_TV,true,USD,盈利跟踪_2026-10-03.md
2026-10-03,TSM,,US,472.78,2.96,71.49,19.37,24.40,20,0,21.93,0.66,9,0,强上修,OK,RSI_TV,true,USD,盈利跟踪_2026-10-03.md
2026-10-04,0700.HK,,HK,421.20,-2.27,40.61,34.55,12.19,,0,,,,,无,OK,"FQ手工填写,TV_FQ不采用,合计手工=34.55",true,HKD,盈利跟踪_2026-10-04.md
2026-10-04,AAPL,,US,333.69,1.02,54.72,9.29,35.91,20,0,9.58,0.49,2,7,强下修,OK,,true,USD,盈利跟踪_2026-10-04.md
2026-10-04,ADBE,,US,237.69,-1.49,41.02,26.89,8.84,8,0,27.67,0.67,,,样本不足,OK,LOW_SAMPLE,true,USD,盈利跟踪_2026-10-04.md
2026-10-04,AMZN,,US,251.52,1.33,48.56,9.33,26.96,20,0,10.50,0.10,8,1,强上修,OK,,true,USD,盈利跟踪_2026-10-04.md
2026-10-04,AVGO,,US,355.14,3.35,47.64,17.38,20.43,20,0,19.39,-0.89,11,25,温和下修,OK,,true,USD,盈利跟踪_2026-10-04.md
2026-10-04,COIN,,US,183.00,-3.32,49.45,0.74,248.47,,0,2.84,-0.73,3,5,温和下修,OK,EXTREME,true,USD,盈利跟踪_2026-10-04.md
2026-10-04,CRCL,,US,81.25,-2.00,43.81,1.27,64.04,,0,1.41,2.03,5,8,温和下修,OK,,true,USD,盈利跟踪_2026-10-04.md
2026-10-04,GOOGL,,US,343.50,1.56,49.97,13.48,25.49,20,0,14.95,0.66,8,1,强上修,OK,,true,USD,盈利跟踪_2026-10-04.md
2026-10-04,HOOD,,US,112.74,1.43,49.76,2.49,45.24,,0,2.85,4.14,6,0,强上修,OK,,true,USD,盈利跟踪_2026-10-04.md
2026-10-04,INTC,,US,119.33,-0.56,60.64,1.71,69.96,,0,2.06,1.05,4,1,温和上修,OK,,true,USD,盈利跟踪_2026-10-04.md
2026-10-04,MCD,,US,231.89,0.03,23.76,13.21,17.56,20,1,13.82,-1.12,3,25,强下修,OK,,true,USD,盈利跟踪_2026-10-04.md
2026-10-04,META,,US,728.08,0.30,61.49,30.64,23.76,18,0,34.07,0.36,7,39,强下修,OK,,true,USD,盈利跟踪_2026-10-04.md
2026-10-04,MSFT,,US,517.53,0.92,62.62,19.64,26.36,,0,23.68,0.44,19,3,强上修,OK,,true,USD,盈利跟踪_2026-10-04.md
2026-10-04,MSTR,,US,160.01,-0.31,62.62,31.74,5.04,,0,13.12,151.86,3,0,温和上修,OK,,true,USD,盈利跟踪_2026-10-04.md
2026-10-04,MU,,US,1074.89,-2.05,59.26,172.73,6.22,6,0,205.30,20.04,3,1,温和上修,OK,,true,USD,盈利跟踪_2026-10-04.md
2026-10-04,NKE,,US,33.87,-3.64,28.21,1.29,26.33,20,0,2.10,-6.00,1,5,温和下修,OK,,true,USD,盈利跟踪_2026-10-04.md
2026-10-04,NVDA,,US,233.95,1.34,62.90,12.01,19.49,15,0,15.70,1.89,42,0,强上修,OK,,true,USD,盈利跟踪_2026-10-04.md
2026-10-04,ORCL,,US,142.30,3.06,48.31,8.52,16.70,15,0,11.00,0.65,4,0,温和上修,OK,,true,USD,盈利跟踪_2026-10-04.md
2026-10-04,PDD,,US,75.38,-1.46,33.38,11.27,6.69,7,1,83.16,0.69,11,12,中性,OK,,true,USD,盈利跟踪_2026-10-04.md
2026-10-04,QCOM,,US,184.87,1.53,52.39,9.25,19.99,,0,10.20,0.02,3,27,强下修,OK,,true,USD,盈利跟踪_2026-10-04.md
2026-10-04,SNDK,,US,1719.99,-3.79,52.72,211.02,8.15,6,0,263.49,-0.47,7,4,温和上修,OK,,true,USD,盈利跟踪_2026-10-04.md
2026-10-04,TSM,,US,472.78,2.96,71.49,19.37,24.40,20,0,21.93,0.66,9,0,强上修,OK,,true,USD,盈利跟踪_2026-10-04.md
2026-10-05,0700.HK,,HK,423.00,0.43,41.82,34.55,12.24,,0,,,,,无,OK,"FQ手工填写,TV_FQ不采用,合计手工=34.55",true,HKD,盈利跟踪_2026-10-05.md
2026-10-05,AAPL,,US,332.89,-0.24,53.79,9.29,35.82,20,0,9.58,0.49,2,7,强下修,OK,,true,USD,盈利跟踪_2026-10-05.md
2026-10-05,ADBE,,US,238.78,0.46,42.00,26.89,8.88,8,0,27.67,0.67,,,样本不足,OK,LOW_SAMPLE,true,USD,盈利跟踪_2026-10-05.md
2026-10-05,AMZN,,US,251.40,-0.05,48.42,9.33,26.94,20,0,10.50,0.10,8,1,强上修,OK,AV_ASOF:2026-10-05,true,USD,盈利跟踪_2026-10-05.md
2026-10-05,AVGO,,US,362.51,2.08,52.07,17.38,20.85,20,0,19.39,-0.89,11,25,温和下修,OK,,true,USD,盈利跟踪_2026-10-05.md
2026-10-05,COIN,,US,188.22,2.85,52.55,0.75,250.95,,0,2.84,-0.73,3,5,温和下修,OK,EXTREME,true,USD,盈利跟踪_2026-10-05.md
2026-10-05,CRCL,,US,83.30,2.52,46.35,1.27,65.66,,0,1.41,2.03,5,8,温和下修,OK,,true,USD,盈利跟踪_2026-10-05.md
2026-10-05,GOOGL,,US,346.47,0.86,52.40,13.48,25.70,20,0,14.95,0.66,8,1,强上修,OK,,true,USD,盈利跟踪_2026-10-05.md
2026-10-05,HOOD,,US,114.11,1.22,51.43,2.51,45.41,,0,2.85,4.14,6,0,强上修,OK,,true,USD,盈利跟踪_2026-10-05.md
2026-10-05,INTC,,US,116.19,-2.63,56.49,1.72,67.58,,0,2.06,1.05,4,1,温和上修,OK,,true,USD,盈利跟踪_2026-10-05.md
2026-10-05,MCD,,US,233.04,0.50,26.65,13.19,17.67,20,1,13.82,-1.12,3,25,强下修,OK,,true,USD,盈利跟踪_2026-10-05.md
2026-10-05,META,,US,741.90,1.90,63.96,30.64,24.21,18,0,34.07,0.36,7,39,强下修,OK,,true,USD,盈利跟踪_2026-10-05.md
2026-10-05,MSFT,,US,525.18,1.48,66.17,19.65,26.73,,0,23.68,0.44,19,3,强上修,OK,,true,USD,盈利跟踪_2026-10-05.md
2026-10-05,MSTR,,US,164.43,2.76,64.98,31.74,5.18,,0,13.12,151.86,3,0,温和上修,OK,,true,USD,盈利跟踪_2026-10-05.md
2026-10-05,MU,,US,1063.96,-1.02,57.26,174.06,6.11,6,0,205.30,20.04,3,1,温和上修,OK,,true,USD,盈利跟踪_2026-10-05.md
2026-10-05,NKE,,US,33.96,0.27,29.13,1.29,26.41,20,0,2.10,-6.00,1,5,温和下修,OK,,true,USD,盈利跟踪_2026-10-05.md
2026-10-05,NVDA,,US,238.90,2.12,66.90,12.01,19.90,15,0,15.70,1.89,42,0,强上修,OK,,true,USD,盈利跟踪_2026-10-05.md
2026-10-05,ORCL,,US,142.48,0.13,48.51,8.52,16.72,15,0,11.00,0.65,4,0,温和上修,OK,,true,USD,盈利跟踪_2026-10-05.md
2026-10-05,PDD,,US,77.90,3.34,43.80,11.27,6.91,7,1,83.16,0.69,11,12,中性,OK,,true,USD,盈利跟踪_2026-10-05.md
2026-10-05,QCOM,,US,180.79,-2.21,48.93,9.24,19.56,,0,10.20,0.02,3,27,强下修,OK,,true,USD,盈利跟踪_2026-10-05.md
2026-10-05,SNDK,,US,1704.16,-0.92,51.65,211.02,8.08,6,0,263.49,-0.47,7,4,温和上修,OK,,true,USD,盈利跟踪_2026-10-05.md
2026-10-05,TSM,,US,485.80,2.75,75.65,19.44,24.99,20,0,21.93,0.66,9,0,强上修,OK,,true,USD,盈利跟踪_2026-10-05.md
2026-10-06,0700.HK,,HK,428.20,1.23,45.30,34.55,12.39,,0,,,,,无,OK,"FQ手工填写,TV_FQ不采用,合计手工=34.55",true,HKD,盈利跟踪_2026-10-06.md
2026-10-06,AAPL,,US,333.63,0.22,54.56,9.29,35.90,20,0,9.58,0.49,2,7,强下修,OK,AV_ASOF:2026-10-06,true,USD,盈利跟踪_2026-10-06.md
2026-10-06,ADBE,,US,238.12,-0.28,41.55,26.89,8.86,8,0,27.67,0.67,,,样本不足,OK,"AV_ASOF:2026-10-06,LOW_SAMPLE",true,USD,盈利跟踪_2026-10-06.md
2026-10-06,AMZN,,US,256.29,1.95,54.52,9.33,27.46,20,0,10.50,0.10,8,1,强上修,OK,AV_ASOF:2026-10-05,true,USD,盈利跟踪_2026-10-06.md
2026-10-06,AVGO,,US,375.81,3.67,58.84,17.38,21.62,20,0,19.39,-0.89,11,25,温和下修,OK,AV_ASOF:2026-10-06,true,USD,盈利跟踪_2026-10-06.md
2026-10-06,COIN,,US,185.74,-1.32,50.95,0.75,247.65,,0,2.84,-0.73,3,5,温和下修,OK,"AV_ASOF:2026-10-06,EXTREME",true,USD,盈利跟踪_2026-10-06.md
2026-10-06,CRCL,,US,84.13,1.00,47.39,1.27,66.41,,0,1.41,2.03,5,8,温和下修,OK,AV_ASOF:2026-10-06,true,USD,盈利跟踪_2026-10-06.md
2026-10-06,GOOGL,,US,347.68,0.35,53.39,13.49,25.77,20,0,14.95,0.66,8,1,强上修,OK,AV_ASOF:2026-10-06,true,USD,盈利跟踪_2026-10-06.md
2026-10-06,HOOD,,US,112.00,-1.85,48.75,2.52,44.42,,0,2.85,4.14,6,0,强上修,OK,AV_ASOF:2026-10-06,true,USD,盈利跟踪_2026-10-06.md
2026-10-06,INTC,,US,112.50,-3.18,51.99,1.72,65.43,,0,2.06,1.05,4,1,温和上修,OK,AV_ASOF:2026-10-06,true,USD,盈利跟踪_2026-10-06.md
2026-10-06,MCD,,US,232.45,-0.25,26.11,13.18,17.63,20,1,13.82,-1.12,3,25,强下修,OK,AV_ASOF:2026-10-06,true,USD,盈利跟踪_2026-10-06.md
2026-10-06,META,,US,738.88,-0.41,63.01,30.66,24.10,18,0,34.07,0.36,7,39,强下修,OK,AV_ASOF:2026-10-06,true,USD,盈利跟踪_2026-10-06.md
2026-10-06,MSFT,,US,529.30,0.78,67.94,19.65,26.94,,0,23.68,0.44,19,3,强上修,OK,AV_ASOF:2026-10-06,true,USD,盈利跟踪_2026-10-06.md
2026-10-06,MSTR,,US,164.55,0.07,65.04,31.74,5.18,,0,13.12,151.86,3,0,温和上修,OK,AV_ASOF:2026-10-06,true,USD,盈利跟踪_2026-10-06.md
2026-10-06,MU,,US,1045.56,-1.73,53.94,174.06,6.01,6,0,205.30,20.04,3,1,温和上修,OK,AV_ASOF:2026-10-06,true,USD,盈利跟踪_2026-10-06.md
2026-10-06,NKE,,US,34.61,1.91,35.54,1.29,26.83,20,0,2.10,-6.00,1,5,温和下修,OK,AV_ASOF:2026-10-06,true,USD,盈利跟踪_2026-10-06.md
2026-10-06,NVDA,,US,239.24,0.14,67.16,12.01,19.93,15,0,15.70,1.89,42,0,强上修,OK,AV_ASOF:2026-10-06,true,USD,盈利跟踪_2026-10-06.md
2026-10-06,ORCL,,US,144.77,1.61,51.08,8.52,16.99,15,0,11.00,0.65,4,0,温和上修,OK,AV_ASOF:2026-10-06,true,USD,盈利跟踪_2026-10-06.md
2026-10-06,PDD,,US,78.40,0.64,45.61,11.28,6.95,7,1,83.16,0.69,11,12,中性,OK,AV_ASOF:2026-10-06,true,USD,盈利跟踪_2026-10-06.md
2026-10-06,QCOM,,US,181.03,0.13,49.15,9.24,19.58,,0,10.20,0.02,3,27,强下修,OK,AV_ASOF:2026-10-06,true,USD,盈利跟踪_2026-10-06.md
2026-10-06,SNDK,,US,1660.46,-2.56,48.72,211.02,7.87,6,0,263.49,-0.47,7,4,温和上修,OK,AV_ASOF:2026-10-06,true,USD,盈利跟踪_2026-10-06.md
2026-10-06,TSM,,US,482.30,-0.72,72.58,19.46,24.78,20,0,21.93,0.66,9,0,强上修,OK,AV_ASOF:2026-10-06,true,USD,盈利跟踪_2026-10-06.md
2026-10-07,0700.HK,,HK,420.60,-1.77,41.40,34.55,12.17,,0,,,,,无,OK,"FQ手工填写,TV_FQ不采用,合计手工=34.55",true,HKD,盈利跟踪_2026-10-07.md
2026-10-07,AAPL,,US,336.67,0.91,57.68,9.29,36.23,20,0,9.58,0.49,2,7,强下修,OK,AV_ASOF:2026-10-06,true,USD,盈利跟踪_2026-10-07.md
2026-10-07,ADBE,,US,232.77,-2.25,38.00,26.89,8.66,8,0,27.67,0.67,,,样本不足,OK,"AV_ASOF:2026-10-06,LOW_SAMPLE",true,USD,盈利跟踪_2026-10-07.md
2026-10-07,AMZN,,US,259.92,1.42,58.45,9.35,27.79,20,0,10.50,0.10,8,1,强上修,OK,AV_ASOF:2026-10-05,true,USD,盈利跟踪_2026-10-07.md
2026-10-07,AVGO,,US,376.51,0.19,59.17,17.38,21.66,20,0,19.39,-0.89,11,25,温和下修,OK,AV_ASOF:2026-10-06,true,USD,盈利跟踪_2026-10-07.md
2026-10-07,COIN,,US,178.45,-3.92,46.48,0.94,189.13,,0,2.84,-0.73,3,5,温和下修,OK,AV_ASOF:2026-10-06,true,USD,盈利跟踪_2026-10-07.md
2026-10-07,CRCL,,US,80.84,-3.91,43.78,1.28,63.22,,0,1.39,-0.29,6,0,强上修,OK,,true,USD,盈利跟踪_2026-10-07.md
2026-10-07,GOOGL,,US,350.50,0.81,55.71,13.49,25.98,20,0,14.95,0.66,8,1,强上修,OK,AV_ASOF:2026-10-06,true,USD,盈利跟踪_2026-10-07.md
2026-10-07,HOOD,,US,109.51,-2.22,45.72,2.52,43.43,,0,2.85,4.14,6,0,强上修,OK,,true,USD,盈利跟踪_2026-10-07.md
2026-10-07,INTC,,US,113.12,0.55,52.67,1.72,65.79,,0,2.06,1.05,4,1,温和上修,OK,AV_ASOF:2026-10-06,true,USD,盈利跟踪_2026-10-07.md
2026-10-07,MCD,,US,230.88,-0.68,24.65,13.18,17.51,20,1,13.82,-1.12,3,25,强下修,OK,AV_ASOF:2026-10-06,true,USD,盈利跟踪_2026-10-07.md
2026-10-07,META,,US,721.31,-2.38,57.64,30.66,23.53,18,0,34.07,0.36,7,39,强下修,OK,AV_ASOF:2026-10-06,true,USD,盈利跟踪_2026-10-07.md
2026-10-07,MSFT,,US,529.76,0.09,68.14,19.65,26.97,,0,23.68,0.44,19,3,强上修,OK,AV_ASOF:2026-10-06,true,USD,盈利跟踪_2026-10-07.md
2026-10-07,MSTR,,US,153.37,-6.79,54.89,31.74,4.83,,0,13.12,151.86,3,0,温和上修,OK,AV_ASOF:2026-10-06,true,USD,盈利跟踪_2026-10-07.md
2026-10-07,MU,,US,1088.00,4.06,59.73,174.06,6.25,6,0,205.30,20.04,3,1,温和上修,OK,AV_ASOF:2026-10-06,true,USD,盈利跟踪_2026-10-07.md
2026-10-07,NKE,,US,34.36,-0.72,34.26,1.29,26.66,20,0,2.10,-6.00,1,5,温和下修,OK,AV_ASOF:2026-10-06,true,USD,盈利跟踪_2026-10-07.md
2026-10-07,NVDA,,US,237.47,-0.74,64.31,12.01,19.78,15,0,15.70,1.89,42,0,强上修,OK,AV_ASOF:2026-10-06,true,USD,盈利跟踪_2026-10-07.md
2026-10-07,ORCL,,US,143.56,-0.84,49.67,8.52,16.85,15,0,11.00,0.65,4,0,温和上修,OK,AV_ASOF:2026-10-06,true,USD,盈利跟踪_2026-10-07.md
2026-10-07,PDD,,US,78.50,0.13,45.99,11.27,6.96,7,1,83.16,0.69,11,12,中性,OK,AV_ASOF:2026-10-06,true,USD,盈利跟踪_2026-10-07.md
2026-10-07,QCOM,,US,177.12,-2.16,45.80,9.24,19.16,,0,10.20,0.02,3,27,强下修,OK,AV_ASOF:2026-10-06,true,USD,盈利跟踪_2026-10-07.md
2026-10-07,SNDK,,US,1692.42,1.92,50.92,211.02,8.02,6,0,263.49,-0.47,7,4,温和上修,OK,AV_ASOF:2026-10-06,true,USD,盈利跟踪_2026-10-07.md
2026-10-07,TSM,,US,472.20,-2.09,64.47,19.59,24.10,20,0,21.93,0.66,9,0,强上修,OK,AV_ASOF:2026-10-06,true,USD,盈利跟踪_2026-10-07.md
