note_date,ticker,company,earnings_date,source
2026-09-10,ADBE,ADOBE INC.,2026-09-10,盈利跟踪_2026-09-10.md
2026-09-10,ORCL,ORACLE CORP,2026-09-10,盈利跟踪_2026-09-10.md
2026-09-26,MU,MICRON TECHNOLOGY INC,2026-10-01,盈利跟踪_2026-09-26.md
2026-09-26,NKE,"NIKE, Inc.",2026-10-02,盈利跟踪_2026-09-26.md
2026-09-27,MU,MICRON TECHNOLOGY INC,2026-10-01,盈利跟踪_2026-09-27.md
2026-09-27,NKE,"NIKE, Inc.",2026-10-02,盈利跟踪_2026-09-27.md
2026-09-28,MU,MICRON TECHNOLOGY INC,2026-10-01,盈利跟踪_2026-09-28.md
2026-09-28,NKE,"NIKE, Inc.",2026-10-02,盈利跟踪_2026-09-28.md
2026-09-29,MU,MICRON TECHNOLOGY INC,2026-10-01,盈利跟踪_2026-09-29.md
2026-09-29,NKE,"NIKE, Inc.",2026-10-02,盈利跟踪_2026-09-29.md
2026-09-30,MU,MICRON TECHNOLOGY INC,2026-10-01,盈利跟踪_2026-09-30.md
2026-09-30,NKE,"NIKE, Inc.",2026-10-02,盈利跟踪_2026-09-30.md
2026-10-01,NKE,"NIKE, Inc.",2026-10-02,盈利跟踪_2026-10-01.md
2026-10-08,TSM,TAIWAN SEMICONDUCTOR MANUFACTURING CO LTD,2026-10-15,盈利跟踪_2026-10-08.md
2026-10-09,TSM,TAIWAN SEMICONDUCTOR MANUFACTURING CO LTD,2026-10-15,盈利跟踪_2026-10-09.md
