date,value
2022-01-05,1492787
2022-01-12,1536981
2022-01-19,1656576
2022-01-26,1613046
2022-02-02,1626895
2022-02-09,1653153
2022-02-16,1644134
2022-02-23,1738322
2022-03-02,1526211
2022-03-09,1542504
2022-03-16,1613637
2022-03-23,1803186
2022-03-30,1785939
2022-04-06,1731472
2022-04-13,1815555
2022-04-20,1866560
2022-04-27,1803162
2022-05-04,1815656
2022-05-11,1876119
2022-05-18,1973373
2022-05-25,1995750
2022-06-01,1965015
2022-06-08,2140277
2022-06-15,2162924
2022-06-22,2259458
2022-06-29,2226976
2022-07-06,2168026
2022-07-13,2155290
2022-07-20,2240204
2022-07-27,2188994
2022-08-03,2182238
2022-08-10,2177646
2022-08-17,2199631
2022-08-24,2237072
2022-08-31,2251025
2022-09-07,2206987
2022-09-14,2225579
2022-09-21,2315900
2022-09-28,2366798
2022-10-05,2230799
2022-10-12,2247206
2022-10-19,2241835
2022-10-26,2186856
2022-11-02,2229861
2022-11-09,2237812
2022-11-16,2099070
2022-11-23,2069174
2022-11-30,2115913
2022-12-07,2151549
2022-12-14,2192864
2022-12-21,2206965
2022-12-28,2293003
2023-01-04,2229542
2023-01-11,2199170
2023-01-18,2131678
2023-01-25,2031561
2023-02-01,2038262
2023-02-08,2059604
2023-02-15,2011998
2023-02-22,2113849
2023-03-01,2133950
2023-03-08,2193237
2023-03-15,2055823
2023-03-22,2279608
2023-03-29,2264862
2023-04-05,2243011
2023-04-12,2303862
2023-04-19,2294677
2023-04-26,2279561
2023-05-03,2258222
2023-05-10,2233149
2023-05-17,2213676
2023-05-24,2250709
2023-05-31,2254859
2023-06-07,2161556
2023-06-14,2109105
2023-06-21,2037102
2023-06-28,1945211
2023-07-05,1867061
2023-07-12,1820146
2023-07-19,1732804
2023-07-26,1749733
2023-08-02,1770186
2023-08-09,1796519
2023-08-16,1796725
2023-08-23,1816533
2023-08-30,1696819
2023-09-06,1606244
2023-09-13,1546225
2023-09-20,1486984
2023-09-27,1442805
2023-10-04,1342031
2023-10-11,1239382
2023-10-18,1150781
2023-10-25,1100617
2023-11-01,1079462
2023-11-08,1024451
2023-11-15,944241
2023-11-22,931604
2023-11-29,914187
2023-12-06,846498
2023-12-13,823329
2023-12-20,779143
2023-12-27,818869
2024-01-03,719897
2024-01-10,679961
2024-01-17,590191
2024-01-24,639560
2024-01-31,615379
2024-02-07,553055
2024-02-14,575332
2024-02-21,574882
2024-02-28,569855
2024-03-06,456847
2024-03-13,521738
2024-03-20,496245
2024-03-27,518357
2024-04-03,436631
2024-04-10,445816
2024-04-17,440508
2024-04-24,441215
2024-05-01,438148
2024-05-08,493427
2024-05-15,443779
2024-05-22,496382
2024-05-29,459314
2024-06-05,371841
2024-06-12,447574
2024-06-19,375542
2024-06-26,490156
2024-07-03,425898
2024-07-10,422147
2024-07-17,399401
2024-07-24,399121
2024-07-31,413200
2024-08-07,286660
2024-08-14,328472
2024-08-21,321329
2024-08-28,388890
2024-09-04,337312
2024-09-11,279215
2024-09-18,305831
2024-09-25,416193
2024-10-02,383398
2024-10-09,343448
2024-10-16,272071
2024-10-23,270839
2024-10-30,228946
2024-11-06,177871
2024-11-13,238106
2024-11-20,217793
2024-11-27,169815
2024-12-04,162866
2024-12-11,180120
2024-12-18,131651
2024-12-25,180989
2025-01-01,473460
2025-01-08,185144
2025-01-15,119977
2025-01-22,123981
2025-01-29,121842
2025-02-05,78788
2025-02-12,67670
2025-02-19,73196
2025-02-26,126058
2025-03-05,139493
2025-03-12,131055
2025-03-19,193378
2025-03-26,241371
2025-04-02,233488
2025-04-09,168115
2025-04-16,54772
2025-04-23,171780
2025-04-30,250601
2025-05-07,154859
2025-05-14,165024
2025-05-21,162802
2025-05-28,173641
2025-06-04,168882
2025-06-11,204625
2025-06-18,205050
2025-06-25,210879
2025-07-02,237307
2025-07-09,227273
2025-07-16,197086
2025-07-23,189632
2025-07-30,155481
2025-08-06,91966
2025-08-13,57202
2025-08-20,34999
2025-08-27,34744
2025-09-03,17923
2025-09-10,29400
2025-09-17,13963
2025-09-24,29172
2025-10-01,10179
2025-10-08,5231
2025-10-15,5484
2025-10-22,4005
2025-10-29,19504
2025-11-05,12814
2025-11-12,5886
2025-11-19,1129
2025-11-26,2217
2025-12-03,2514
2025-12-10,5045
2025-12-17,10361
2025-12-24,4803
2025-12-31,105993
2026-01-07,4582
2026-01-14,3223
2026-01-21,3344
2026-01-28,1103
2026-02-04,2414
2026-02-11,1048
2026-02-18,856
2026-02-25,1159
2026-03-04,877
2026-03-11,552
2026-03-18,698
2026-03-25,777
2026-04-01,2107
2026-04-08,177
2026-04-15,223
2026-04-22,538
2026-04-29,747
2026-05-06,1633
2026-05-13,3719
2026-05-20,24867
2026-05-27,1853
2026-06-03,2062
2026-06-10,387
2026-06-17,6828
2026-06-24,4534
2026-07-01,1001
2026-07-08,3347
2026-07-15,151
2026-07-22,376
2026-07-29,2576
2026-08-05,1650
2026-08-12,725
2026-08-19,317
2026-08-26,702
2026-09-02,525
2026-09-09,432
2026-09-16,5375
2026-09-23,461
2026-09-30,11539
