date,series_id,name,value,unit,change_text,label,obs_date,carried,section,remark,hike_count,source
2026-09-10,cnn_fg,CNN 恐贪指数,33.11,点,,中性,2026-09-10,,,fear,,宏观指标_2026-09-10.md
2026-09-10,nasdaq_rsi,纳斯达克 RSI(14),46.93,点,,中性,2026-09-10,,,日线 Wilder RSI(14)，yfinance,,宏观指标_2026-09-10.md
2026-09-10,spx_rsi,标普500 RSI(14),43.78,点,,中性,2026-09-10,,,日线 Wilder RSI(14)，yfinance,,宏观指标_2026-09-10.md
2026-09-11,btc,比特币,77225.7,美元,+0.86%,中性,2026-09-11,,,,,宏观指标_2026-09-11.md
2026-09-11,cnn_fg,CNN 恐贪指数,33.34,点,,中性,2026-09-11,,,,,宏观指标_2026-09-11.md
2026-09-11,copper,COMEX 铜,6.4695,美元,+0.04%,中性,2026-09-11,,,,,宏观指标_2026-09-11.md
2026-09-11,gold,COMEX 黄金,4366.2,美元,+0.04%,中性,2026-09-11,,,,,宏观指标_2026-09-11.md
2026-09-11,hy_oas,高收益债信用利差,2.7,百分点,-0.37%,中性,2026-09-10,1,,,,宏观指标_2026-09-11.md
2026-09-11,nasdaq_rsi,纳斯达克 RSI(14),51.82,点,,中性,2026-09-11,,,,,宏观指标_2026-09-11.md
2026-09-11,spx_rsi,标普500 RSI(14),49.99,点,,中性,2026-09-11,,,,,宏观指标_2026-09-11.md
2026-09-11,t10y2y,10年减2年美债利差,0.33,百分点,-15.38%,中性,2026-09-11,,,,,宏观指标_2026-09-11.md
2026-09-11,tips_10y,10年期实际利率,2.55,百分比,+3.66%,风险,2026-09-10,1,,,,宏观指标_2026-09-11.md
2026-09-11,us_10y,美国10年期国债收益率,4.97,百分比,+0.63%,风险,2026-09-11,,,,,宏观指标_2026-09-11.md
2026-09-11,us_2y,美国2年期国债收益率,4.56,百分比,+2.93%,中性,2026-09-10,1,,,,宏观指标_2026-09-11.md
2026-09-11,usdcny,美元兑人民币,6.7061,人民币,-0.07%,中性,2026-09-11,,,,,宏观指标_2026-09-11.md
2026-09-11,vix,VIX,15.84,点,-11.21%,中性,2026-09-11,,,,,宏观指标_2026-09-11.md
2026-09-11,wti,WTI 原油期货,100.05,美元,-2.37%,中性,2026-09-11,,,,,宏观指标_2026-09-11.md
2026-09-13,btc,btc,77225.7,美元,+0.86%,中性,2026-09-11,,,Binance BTCUSDT 日K（data.binance.vision）,,宏观指标_2026-09-11.md
2026-09-13,cnn_fg,CNN 恐贪指数,33.34,点,,中性,2026-09-11,,,CNN官方分类=fear；本表情绪按分数阈值<25机会/>75风险,,宏观指标_2026-09-11.md
2026-09-13,copper,COMEX铜期货,6.4695,美元,+0.04%,中性,2026-09-11,,,yfinance HG=F,,宏观指标_2026-09-11.md
2026-09-13,gold,COMEX黄金,4366.2,美元,+0.04%,中性,2026-09-11,,,yfinance GC=F,,宏观指标_2026-09-11.md
2026-09-13,hy_oas,高收益债信用利差,2.7,百分点,-0.37%,中性,2026-09-10,1,,休市/未更新，停留1天，使用最近价格 2026-09-10；FRED BAMLH0A0HYM2，单位百分点,,宏观指标_2026-09-11.md
2026-09-13,nasdaq_rsi,纳斯达克 RSI(14),51.82,点,,中性,2026-09-11,,,日线 Wilder RSI(14)，yfinance,,宏观指标_2026-09-11.md
2026-09-13,spx_rsi,标普500 RSI(14),49.99,点,,中性,2026-09-11,,,日线 Wilder RSI(14)，yfinance,,宏观指标_2026-09-11.md
2026-09-13,t10y2y,10Y-2Y美债利差,0.33,百分点,-15.38%,中性,2026-09-11,,,FRED T10Y2Y，单位百分点,,宏观指标_2026-09-11.md
2026-09-13,tips_10y,10年期实际利率(TIPS),2.55,百分比,+3.66%,风险,2026-09-10,1,,休市/未更新，停留1天，使用最近价格 2026-09-10；FRED DFII10，单位%；风险阈值>2.5%,,宏观指标_2026-09-11.md
2026-09-13,us_10y,US_10y,4.97,百分比,+0.63%,风险,2026-09-11,,,yfinance ^TNX；风险阈值>4.5%,,宏观指标_2026-09-11.md
2026-09-13,us_2y,US_2y,4.56,百分比,+2.93%,中性,2026-09-10,1,,休市/未更新，停留1天，使用最近价格 2026-09-10；FRED DGS2，单位%,,宏观指标_2026-09-11.md
2026-09-13,usdcny,美元兑人民币,6.7061,人民币,-0.07%,中性,2026-09-11,,,yfinance CNY=X,,宏观指标_2026-09-11.md
2026-09-13,vix,VIX恐慌指数,15.84,点,-11.21%,中性,2026-09-11,,,yfinance ^VIX（CBOE VIX）,,宏观指标_2026-09-11.md
2026-09-13,wti,WTI原油期货,100.05,美元,-2.37%,中性,2026-09-11,,,yfinance CL=F,,宏观指标_2026-09-11.md
2026-09-14,btc,btc,77856.44,美元,+1.33%,中性,2026-09-15,,,yfinance BTC-USD 最新日线/盘中数据；目标日期2026-09-14无Yahoo日线，使用最新可得 2026-09-15,,宏观指标_2026-09-14.md
2026-09-14,cnn_fg,CNN 恐贪指数,31.06,点,,中性,2026-09-14,,,CNN官方分类=fear；本表情绪按分数阈值<25机会/>75风险,,宏观指标_2026-09-14.md
2026-09-14,copper,COMEX铜期货,6.394,美元,-1.17%,中性,2026-09-14,,,yfinance HG=F,,宏观指标_2026-09-14.md
2026-09-14,etf_ndx,广发纳指ETF溢价率,9.38,百分比,-16.77%,中性,2026-09-14,,,HaoETF QDII 历史数据；每日收盘T-1日溢价率，单位%；<0提示机会；代码159941,,宏观指标_2026-09-14.md
2026-09-14,etf_spx,博时标普500ETF溢价率,8.22,百分比,-11.90%,中性,2026-09-14,,,HaoETF QDII 历史数据；每日收盘T-1日溢价率，单位%；<0提示机会；代码513500,,宏观指标_2026-09-14.md
2026-09-14,gold,COMEX黄金,4349.3,美元,-1.35%,中性,2026-09-14,,,yfinance GC=F,,宏观指标_2026-09-14.md
2026-09-14,hy_oas,高收益债信用利差,2.65,百分点,-1.85%,中性,2026-09-11,1,,休市/未更新，停留3天，使用最近价格 2026-09-11；FRED BAMLH0A0HYM2，单位百分点,,宏观指标_2026-09-14.md
2026-09-14,nasdaq_rsi,纳斯达克 RSI(14),48.99,点,,中性,2026-09-14,,,日线 Wilder RSI(14)，yfinance,,宏观指标_2026-09-14.md
2026-09-14,spx_rsi,标普500 RSI(14),46.84,点,,中性,2026-09-14,,,日线 Wilder RSI(14)，yfinance,,宏观指标_2026-09-14.md
2026-09-14,t10y2y,10Y-2Y美债利差,0.32,百分点,-3.03%,中性,2026-09-14,,,FRED T10Y2Y，单位百分点,,宏观指标_2026-09-14.md
2026-09-14,tips_10y,10年期实际利率(TIPS),2.6,百分比,+1.96%,风险,2026-09-11,1,,休市/未更新，停留3天，使用最近价格 2026-09-11；FRED DFII10，单位%；风险阈值>2.5%,,宏观指标_2026-09-14.md
2026-09-14,us_10y,US_10y,4.96,百分比,-0.28%,风险,2026-09-14,,,yfinance ^TNX；风险阈值>4.5%,,宏观指标_2026-09-14.md
2026-09-14,us_2y,US_2y,4.67,百分比,+0.71%,中性,2026-09-14,,,CNBC/Tradeweb US2Y 实时市场数据，单位%；realTime=true,,宏观指标_2026-09-14.md
2026-09-14,usdcny,美元兑人民币,6.708,人民币,+0.03%,中性,2026-09-14,,,yfinance CNY=X,,宏观指标_2026-09-14.md
2026-09-14,vix,VIX恐慌指数,17.1,点,+7.95%,中性,2026-09-14,,,yfinance ^VIX（CBOE VIX）,,宏观指标_2026-09-14.md
2026-09-14,wti,WTI原油期货,102.77,美元,+2.72%,中性,2026-09-14,,,yfinance CL=F,,宏观指标_2026-09-14.md
2026-09-15,btc,btc,75577.03,美元,-3.31%,中性,2026-09-16,,,yfinance BTC-USD 最新日线/盘中数据；目标日期2026-09-15无Yahoo日线，使用最新可得 2026-09-16,,宏观指标_2026-09-15.md
2026-09-15,cnn_fg,CNN 恐贪指数,28.66,点,,中性,2026-09-15,,,CNN官方分类=fear；本表情绪按分数阈值<25机会/>75风险,,宏观指标_2026-09-15.md
2026-09-15,copper,COMEX铜期货,6.4605,美元,+2.06%,机会,2026-09-15,,,yfinance HG=F,,宏观指标_2026-09-15.md
2026-09-15,etf_ndx,广发纳指ETF溢价率,10.16,百分比,+8.32%,中性,2026-09-15,,,HaoETF QDII 历史数据；每日收盘T-1日溢价率，单位%；<0提示机会；代码159941,,宏观指标_2026-09-15.md
2026-09-15,etf_spx,博时标普500ETF溢价率,8.17,百分比,-0.61%,中性,2026-09-15,,,HaoETF QDII 历史数据；每日收盘T-1日溢价率，单位%；<0提示机会；代码513500,,宏观指标_2026-09-15.md
2026-09-15,gold,COMEX黄金,4324.4,美元,-0.63%,中性,2026-09-15,,,yfinance GC=F,,宏观指标_2026-09-15.md
2026-09-15,hy_oas,高收益债信用利差,2.71,百分点,+2.26%,中性,2026-09-14,1,,休市/未更新，停留1天，使用最近价格 2026-09-14；FRED BAMLH0A0HYM2，单位百分点,,宏观指标_2026-09-15.md
2026-09-15,nasdaq_rsi,纳斯达克 RSI(14),45.27,点,,中性,2026-09-15,,,日线 Wilder RSI(14)，yfinance,,宏观指标_2026-09-15.md
2026-09-15,spx_rsi,标普500 RSI(14),44.07,点,,中性,2026-09-15,,,日线 Wilder RSI(14)，yfinance,,宏观指标_2026-09-15.md
2026-09-15,t10y2y,10Y-2Y美债利差,0.33,百分点,+3.13%,中性,2026-09-15,,,FRED T10Y2Y，单位百分点,,宏观指标_2026-09-15.md
2026-09-15,tips_10y,10年期实际利率(TIPS),2.6,百分比,+0.00%,风险,2026-09-14,1,,休市/未更新，停留1天，使用最近价格 2026-09-14；FRED DFII10，单位%；风险阈值>2.5%,,宏观指标_2026-09-15.md
2026-09-15,us_10y,US_10y,5.0,百分比,+0.71%,风险,2026-09-15,,,yfinance ^TNX；风险阈值>4.5%,,宏观指标_2026-09-15.md
2026-09-15,us_2y,US_2y,4.66,百分比,-0.17%,中性,2026-09-15,,,CNBC/Tradeweb US2Y 实时市场数据，单位%；realTime=true,,宏观指标_2026-09-15.md
2026-09-15,usdcny,美元兑人民币,6.7082,人民币,+0.00%,中性,2026-09-15,,,yfinance CNY=X,,宏观指标_2026-09-15.md
2026-09-15,vix,VIX恐慌指数,17.2,点,+0.58%,中性,2026-09-15,,,yfinance ^VIX（CBOE VIX）,,宏观指标_2026-09-15.md
2026-09-15,wti,WTI原油期货,105.35,美元,+3.91%,机会,2026-09-15,,,yfinance CL=F,,宏观指标_2026-09-15.md
2026-09-16,btc,btc,76164.49,美元,+0.73%,中性,2026-09-17,,,yfinance BTC-USD 最新日线/盘中数据；目标日期2026-09-16无Yahoo日线，使用最新可得 2026-09-17,,宏观指标_2026-09-16.md
2026-09-16,cnn_fg,CNN 恐贪指数,26.49,点,,中性,2026-09-16,,,CNN官方分类=fear；本表情绪按分数阈值<25机会/>75风险,,宏观指标_2026-09-16.md
2026-09-16,copper,COMEX铜期货,6.4595,美元,+1.43%,中性,2026-09-16,,,yfinance HG=F,,宏观指标_2026-09-16.md
2026-09-16,etf_ndx,广发纳指ETF溢价率,11.61,百分比,+14.27%,中性,2026-09-16,,,HaoETF QDII 历史数据；每日收盘T-1日溢价率，单位%；<0提示机会；代码159941,,宏观指标_2026-09-16.md
2026-09-16,etf_spx,博时标普500ETF溢价率,9.51,百分比,+16.40%,中性,2026-09-16,,,HaoETF QDII 历史数据；每日收盘T-1日溢价率，单位%；<0提示机会；代码513500,,宏观指标_2026-09-16.md
2026-09-16,gold,COMEX黄金,4313.3,美元,-0.45%,中性,2026-09-16,,,yfinance GC=F,,宏观指标_2026-09-16.md
2026-09-16,hy_oas,高收益债信用利差,2.76,百分点,+1.85%,中性,2026-09-15,1,,休市/未更新，停留1天，使用最近价格 2026-09-15；FRED BAMLH0A0HYM2，单位百分点,,宏观指标_2026-09-16.md
2026-09-16,nasdaq_rsi,纳斯达克 RSI(14),45.21,点,,中性,2026-09-16,,,日线 Wilder RSI(14)，yfinance,,宏观指标_2026-09-16.md
2026-09-16,spx_rsi,标普500 RSI(14),41.44,点,,中性,2026-09-16,,,日线 Wilder RSI(14)，yfinance,,宏观指标_2026-09-16.md
2026-09-16,t10y2y,10Y-2Y美债利差,0.27,百分点,-18.18%,中性,2026-09-16,,,FRED T10Y2Y，单位百分点,,宏观指标_2026-09-16.md
2026-09-16,tips_10y,10年期实际利率(TIPS),2.62,百分比,+0.77%,风险,2026-09-15,1,,休市/未更新，停留1天，使用最近价格 2026-09-15；FRED DFII10，单位%；风险阈值>2.5%,,宏观指标_2026-09-16.md
2026-09-16,us_10y,US_10y,5.01,百分比,+0.20%,风险,2026-09-16,,,yfinance ^TNX；风险阈值>4.5%,,宏观指标_2026-09-16.md
2026-09-16,us_2y,US_2y,4.72,百分比,-0.06%,中性,2026-09-16,,,CNBC/Tradeweb US2Y 实时市场数据，单位%；realTime=true,,宏观指标_2026-09-16.md
2026-09-16,usdcny,美元兑人民币,6.7112,人民币,+0.04%,中性,2026-09-16,,,yfinance CNY=X,,宏观指标_2026-09-16.md
2026-09-16,vix,VIX恐慌指数,17.71,点,+2.97%,中性,2026-09-16,,,yfinance ^VIX（CBOE VIX）,,宏观指标_2026-09-16.md
2026-09-16,wti,WTI原油期货,101.67,美元,-3.93%,风险,2026-09-16,,,yfinance CL=F,,宏观指标_2026-09-16.md
2026-09-17,btc,btc,76642.9,美元,+0.65%,中性,2026-09-18,,,yfinance BTC-USD 最新日线/盘中数据；目标日期2026-09-17无Yahoo日线，使用最新可得 2026-09-18,,宏观指标_2026-09-17.md
2026-09-17,cnn_fg,CNN 恐贪指数,28.69,点,,中性,2026-09-17,,,CNN官方分类=fear；本表情绪按分数阈值<25机会/>75风险,,宏观指标_2026-09-17.md
2026-09-17,copper,COMEX铜期货,6.623,美元,+2.98%,机会,2026-09-17,,,yfinance HG=F,,宏观指标_2026-09-17.md
2026-09-17,etf_ndx,广发纳指ETF溢价率,12.27,百分比,+5.68%,中性,2026-09-17,,,HaoETF QDII 历史数据；每日收盘T-1日溢价率，单位%；<0提示机会；代码159941,,宏观指标_2026-09-17.md
2026-09-17,etf_spx,博时标普500ETF溢价率,9.99,百分比,+5.05%,中性,2026-09-17,,,HaoETF QDII 历史数据；每日收盘T-1日溢价率，单位%；<0提示机会；代码513500,,宏观指标_2026-09-17.md
2026-09-17,gold,COMEX黄金,4386.7,美元,-0.02%,中性,2026-09-17,,,yfinance GC=F,,宏观指标_2026-09-17.md
2026-09-17,hy_oas,高收益债信用利差,2.7,百分点,-2.17%,中性,2026-09-16,1,,休市/未更新，停留1天，使用最近价格 2026-09-16；FRED BAMLH0A0HYM2，单位百分点,,宏观指标_2026-09-17.md
2026-09-17,nasdaq_rsi,纳斯达克 RSI(14),53.92,点,,中性,2026-09-17,,,日线 Wilder RSI(14)，yfinance,,宏观指标_2026-09-17.md
2026-09-17,spx_rsi,标普500 RSI(14),49.62,点,,中性,2026-09-17,,,日线 Wilder RSI(14)，yfinance,,宏观指标_2026-09-17.md
2026-09-17,t10y2y,10Y-2Y美债利差,0.27,百分点,+0.00%,中性,2026-09-17,,,FRED T10Y2Y，单位百分点,,宏观指标_2026-09-17.md
2026-09-17,tips_10y,10年期实际利率(TIPS),2.68,百分比,+2.29%,风险,2026-09-16,1,,休市/未更新，停留1天，使用最近价格 2026-09-16；FRED DFII10，单位%；风险阈值>2.5%,,宏观指标_2026-09-17.md
2026-09-17,us_10y,US_10y,4.95,百分比,-1.18%,风险,2026-09-17,,,yfinance ^TNX；风险阈值>4.5%,,宏观指标_2026-09-17.md
2026-09-17,us_2y,US_2y,4.69,百分比,-0.04%,中性,2026-09-17,,,CNBC/Tradeweb US2Y 实时市场数据，单位%；realTime=true,,宏观指标_2026-09-17.md
2026-09-17,usdcny,美元兑人民币,6.706,人民币,-0.08%,中性,2026-09-17,,,yfinance CNY=X,,宏观指标_2026-09-17.md
2026-09-17,vix,VIX恐慌指数,15.44,点,-12.82%,中性,2026-09-17,,,yfinance ^VIX（CBOE VIX）,,宏观指标_2026-09-17.md
2026-09-17,wti,WTI原油期货,101.0,美元,-1.40%,中性,2026-09-17,,,yfinance CL=F,,宏观指标_2026-09-17.md
2026-09-20,aaii,AAII指数,-24.5,百分点,-23.1pp,恐慌,2026-09-16,1,情绪,非发布日，沿用2026-09-16读数（该期约美东2026-09-17发布，距今4天）；划分理由：熊53.3%≥45；牛熊差-24.5≤-15→极端悲观；牛28.8%/中17.9%/熊53.3%；牛熊差-24.5pp（历史均值约+6.5）；差周环比-23.1pp；划分：熊≥45或差≤-15=恐慌，牛≥50或差≥20=贪婪，否则中性；综合评价时恐慌计偏机会、贪婪计偏风险；AAII周调查，一般美东周四上午发布（投票周四00:01–周三23:59 ET）；源=MacroMicro镜像,,宏观指标_2026-09-18.md
2026-09-20,btc,btc,81160.85,美元,-0.09%,中性,2026-09-21,,其他,yfinance BTC-USD 最新日线/盘中数据；目标日期2026-09-18无Yahoo日线，使用最新可得 2026-09-21,,宏观指标_2026-09-18.md
2026-09-20,cnn_fg,CNN 恐贪指数,29.11,点,,恐慌,2026-09-18,,情绪,CNN官方分级=恐慌（源rating=fear）,,宏观指标_2026-09-18.md
2026-09-20,copper,COMEX铜期货,6.615,美元,+0.43%,中性,2026-09-18,,其他,yfinance HG=F,,宏观指标_2026-09-18.md
2026-09-20,etf_ndx,广发纳指ETF溢价率,13.0,百分比,+5.95%,中性,2026-09-18,,情绪,HaoETF QDII 历史数据；每日收盘T-1日溢价率，单位%；<0提示机会；代码159941,,宏观指标_2026-09-18.md
2026-09-20,etf_spx,博时标普500ETF溢价率,9.93,百分比,-0.60%,中性,2026-09-18,,情绪,HaoETF QDII 历史数据；每日收盘T-1日溢价率，单位%；<0提示机会；代码513500,,宏观指标_2026-09-18.md
2026-09-20,gold,COMEX黄金,4424.9,美元,+0.57%,中性,2026-09-18,,其他,yfinance GC=F,,宏观指标_2026-09-18.md
2026-09-20,hy_oas,高收益债信用利差,2.7,百分点,+0.00%,中性,2026-09-17,1,情绪,休市/未更新，停留1天，使用最近价格 2026-09-17；FRED BAMLH0A0HYM2，单位百分点,,宏观指标_2026-09-18.md
2026-09-20,nasdaq_rsi,纳斯达克 RSI(14),55.71,点,,中性,2026-09-18,,情绪,日线 Wilder RSI(14)，yfinance,,宏观指标_2026-09-18.md
2026-09-20,ndx_breadth_20,纳指100参与度>20日,33.7,百分比,+2.0pp,中性,2026-09-18,,情绪,成分股收盘>SMA20占比；有效101/101只；<20机会/>80风险；yfinance日线,,宏观指标_2026-09-18.md
2026-09-20,ndx_breadth_200,纳指100参与度>200日,55.6,百分比,+1.0pp,中性,2026-09-18,,情绪,成分股收盘>SMA200占比；有效99/101只；<20机会/>80风险；yfinance日线,,宏观指标_2026-09-18.md
2026-09-20,ndx_breadth_50,纳指100参与度>50日,32.7,百分比,+0.0pp,中性,2026-09-18,,情绪,成分股收盘>SMA50占比；有效101/101只；<20机会/>80风险；yfinance日线,,宏观指标_2026-09-18.md
2026-09-20,spx_breadth_20,标普参与度>20日,20.3,百分比,-1.8pp,中性,2026-09-18,,情绪,成分股收盘>SMA20占比；有效503/503只；<20机会/>80风险；yfinance日线,,宏观指标_2026-09-18.md
2026-09-20,spx_breadth_200,标普参与度>200日,53.1,百分比,-1.0pp,中性,2026-09-18,,情绪,成分股收盘>SMA200占比；有效501/503只；<20机会/>80风险；yfinance日线,,宏观指标_2026-09-18.md
2026-09-20,spx_breadth_50,标普参与度>50日,29.2,百分比,-2.8pp,中性,2026-09-18,,情绪,成分股收盘>SMA50占比；有效503/503只；<20机会/>80风险；yfinance日线,,宏观指标_2026-09-18.md
2026-09-20,spx_rsi,标普500 RSI(14),50.7,点,,中性,2026-09-18,,情绪,日线 Wilder RSI(14)，yfinance,,宏观指标_2026-09-18.md
2026-09-20,t10y2y,10Y-2Y美债利差,0.25,百分点,-7.41%,中性,2026-09-18,,情绪,FRED T10Y2Y，单位百分点,,宏观指标_2026-09-18.md
2026-09-20,tips_10y,10年期实际利率(TIPS),2.61,百分比,-2.61%,风险,2026-09-17,1,其他,休市/未更新，停留1天，使用最近价格 2026-09-17；FRED DFII10，单位%；风险阈值>2.5%,,宏观指标_2026-09-18.md
2026-09-20,us_10y,US_10y,5.0,百分比,+1.03%,风险,2026-09-18,,其他,yfinance ^TNX；风险阈值>4.5%,,宏观指标_2026-09-18.md
2026-09-20,us_2y,US_2y,4.76,百分比,+0.30%,风险,2026-09-20,,其他,CNBC/Tradeweb US2Y 实时市场数据，单位%；realTime=true,,宏观指标_2026-09-18.md
2026-09-20,usdcny,美元兑人民币,6.7074,人民币,+0.02%,中性,2026-09-18,,其他,yfinance CNY=X,,宏观指标_2026-09-18.md
2026-09-20,vix,VIX恐慌指数,14.81,点,-4.08%,中性,2026-09-18,,情绪,yfinance ^VIX（CBOE VIX）,,宏观指标_2026-09-18.md
2026-09-20,wti,WTI原油期货,100.3,美元,-1.58%,中性,2026-09-18,,其他,yfinance CL=F,,宏观指标_2026-09-18.md
2026-09-21,aaii,AAII指数,-24.5,百分点,-23.2pp,恐慌,2026-09-16,1,情绪,非发布日，沿用2026-09-16读数（该期约美东2026-09-17发布，距今5天）；划分理由：熊53.3%≥45；牛熊差-24.5≤-15→极端悲观；牛28.8%/中17.9%/熊53.3%；牛熊差-24.5pp（历史均值约+6.5）；差周环比-23.2pp；划分：熊≥45或差≤-15=恐慌，牛≥50或差≥20=贪婪，否则中性；综合评价时恐慌计偏机会、贪婪计偏风险；AAII周调查，一般美东周四上午发布（投票周四00:01–周三23:59 ET）；源=AAII官网,,宏观指标_2026-09-21.md
2026-09-21,btc,btc,86292.33,美元,+6.35%,机会,2026-09-22,,其他,yfinance BTC-USD 最新日线/盘中数据；目标日期2026-09-21无Yahoo日线，使用最新可得 2026-09-22,,宏观指标_2026-09-21.md
2026-09-21,cnn_fg,CNN 恐贪指数,33.71,点,,恐慌,2026-09-21,,情绪,CNN官方分级=恐慌（源rating=fear）,,宏观指标_2026-09-21.md
2026-09-21,copper,COMEX铜期货,6.803,美元,+2.84%,机会,2026-09-21,,其他,yfinance HG=F,,宏观指标_2026-09-21.md
2026-09-21,etf_ndx,广发纳指ETF溢价率,12.95,百分比,-0.38%,中性,2026-09-21,,情绪,HaoETF QDII 历史数据；每日收盘T-1日溢价率，单位%；<0提示机会；代码159941,,宏观指标_2026-09-21.md
2026-09-21,etf_spx,博时标普500ETF溢价率,9.97,百分比,+0.40%,中性,2026-09-21,,情绪,HaoETF QDII 历史数据；每日收盘T-1日溢价率，单位%；<0提示机会；代码513500,,宏观指标_2026-09-21.md
2026-09-21,gold,COMEX黄金,4396.3,美元,-0.65%,中性,2026-09-21,,其他,yfinance GC=F,,宏观指标_2026-09-21.md
2026-09-21,hy_oas,高收益债信用利差,2.68,百分点,-0.74%,中性,2026-09-18,1,情绪,休市/未更新，停留3天，使用最近价格 2026-09-18；FRED BAMLH0A0HYM2，单位百分点,,宏观指标_2026-09-21.md
2026-09-21,nasdaq_rsi,纳斯达克 RSI(14),64.33,点,,中性,2026-09-21,,情绪,日线 Wilder RSI(14)，yfinance,,宏观指标_2026-09-21.md
2026-09-21,ndx_breadth_20,纳指100参与度>20日,34.0,百分比,+2.0pp,中性,2026-09-18,1,情绪,休市/未更新，停留3天，使用最近价格 2026-09-18；成分股收盘>SMA20占比；有效100/101只；<20机会/>80风险；yfinance日线,,宏观指标_2026-09-21.md
2026-09-21,ndx_breadth_200,纳指100参与度>200日,56.1,百分比,+1.0pp,中性,2026-09-18,1,情绪,休市/未更新，停留3天，使用最近价格 2026-09-18；成分股收盘>SMA200占比；有效98/101只；<20机会/>80风险；yfinance日线,,宏观指标_2026-09-21.md
2026-09-21,ndx_breadth_50,纳指100参与度>50日,33.0,百分比,+0.0pp,中性,2026-09-18,1,情绪,休市/未更新，停留3天，使用最近价格 2026-09-18；成分股收盘>SMA50占比；有效100/101只；<20机会/>80风险；yfinance日线,,宏观指标_2026-09-21.md
2026-09-21,spx_breadth_20,标普参与度>20日,20.4,百分比,-1.8pp,中性,2026-09-18,1,情绪,休市/未更新，停留3天，使用最近价格 2026-09-18；成分股收盘>SMA20占比；有效499/503只；<20机会/>80风险；yfinance日线,,宏观指标_2026-09-21.md
2026-09-21,spx_breadth_200,标普参与度>200日,53.1,百分比,-1.0pp,中性,2026-09-18,1,情绪,休市/未更新，停留3天，使用最近价格 2026-09-18；成分股收盘>SMA200占比；有效497/503只；<20机会/>80风险；yfinance日线,,宏观指标_2026-09-21.md
2026-09-21,spx_breadth_50,标普参与度>50日,29.3,百分比,-2.8pp,中性,2026-09-18,1,情绪,休市/未更新，停留3天，使用最近价格 2026-09-18；成分股收盘>SMA50占比；有效499/503只；<20机会/>80风险；yfinance日线,,宏观指标_2026-09-21.md
2026-09-21,spx_rsi,标普500 RSI(14),59.28,点,,中性,2026-09-21,,情绪,日线 Wilder RSI(14)，yfinance,,宏观指标_2026-09-21.md
2026-09-21,t10y2y,10Y-2Y美债利差,0.2,百分点,-20.00%,中性,2026-09-21,,情绪,FRED T10Y2Y，单位百分点,,宏观指标_2026-09-21.md
2026-09-21,tips_10y,10年期实际利率(TIPS),2.68,百分比,+2.68%,风险,2026-09-18,1,其他,休市/未更新，停留3天，使用最近价格 2026-09-18；FRED DFII10，单位%；风险阈值>2.5%,,宏观指标_2026-09-21.md
2026-09-21,us_10y,US_10y,4.96,百分比,-0.70%,风险,2026-09-21,,其他,yfinance ^TNX；风险阈值>4.5%,,宏观指标_2026-09-21.md
2026-09-21,us_2y,US_2y,4.75,百分比,-0.04%,风险,2026-09-21,,其他,CNBC/Tradeweb US2Y 实时市场数据，单位%；realTime=true,,宏观指标_2026-09-21.md
2026-09-21,usdcny,美元兑人民币,6.6975,人民币,-0.15%,中性,2026-09-21,,其他,yfinance CNY=X,,宏观指标_2026-09-21.md
2026-09-21,vix,VIX恐慌指数,14.87,点,+0.41%,中性,2026-09-21,,情绪,yfinance ^VIX（CBOE VIX）,,宏观指标_2026-09-21.md
2026-09-21,wti,WTI原油期货,92.53,美元,-7.75%,风险,2026-09-21,,其他,yfinance CL=F,,宏观指标_2026-09-21.md
2026-09-22,aaii,AAII指数,-24.5,百分点,-23.2pp,恐慌,2026-09-16,1,情绪,非发布日，沿用2026-09-16读数（该期约美东2026-09-17发布，距今6天）；划分理由：熊53.3%≥45；牛熊差-24.5≤-15→极端悲观；牛28.8%/中17.9%/熊53.3%；牛熊差-24.5pp（历史均值约+6.5）；差周环比-23.2pp；划分：熊≥45或差≤-15=恐慌，牛≥50或差≥20=贪婪，否则中性；综合评价时恐慌计偏机会、贪婪计偏风险；AAII周调查，一般美东周四上午发布（投票周四00:01–周三23:59 ET）；源=AAII官网,,宏观指标_2026-09-22.md
2026-09-22,btc,btc,86139.56,美元,-0.54%,中性,2026-09-23,,其他,yfinance BTC-USD 最新日线/盘中数据；目标日期2026-09-22无Yahoo日线，使用最新可得 2026-09-23,,宏观指标_2026-09-22.md
2026-09-22,cnn_fg,CNN 恐贪指数,35.26,点,,恐慌,2026-09-22,,情绪,CNN官方分级=恐慌（源rating=fear）,,宏观指标_2026-09-22.md
2026-09-22,copper,COMEX铜期货,6.9035,美元,+3.25%,机会,2026-09-22,,其他,yfinance HG=F,,宏观指标_2026-09-22.md
2026-09-22,etf_ndx,广发纳指ETF溢价率,11.63,百分比,-10.19%,中性,2026-09-22,,情绪,HaoETF QDII 历史数据；每日收盘T-1日溢价率，单位%；<0提示机会；代码159941,,宏观指标_2026-09-22.md
2026-09-22,etf_spx,博时标普500ETF溢价率,9.98,百分比,+0.10%,中性,2026-09-22,,情绪,HaoETF QDII 历史数据；每日收盘T-1日溢价率，单位%；<0提示机会；代码513500,,宏观指标_2026-09-22.md
2026-09-22,gold,COMEX黄金,4400.4,美元,+0.38%,中性,2026-09-22,,其他,yfinance GC=F,,宏观指标_2026-09-22.md
2026-09-22,hy_oas,高收益债信用利差,2.66,百分点,-0.75%,中性,2026-09-21,1,情绪,休市/未更新，停留1天，使用最近价格 2026-09-21；FRED BAMLH0A0HYM2，单位百分点,,宏观指标_2026-09-22.md
2026-09-22,nasdaq_rsi,纳斯达克 RSI(14),65.79,点,,中性,2026-09-22,,情绪,日线 Wilder RSI(14)，yfinance,,宏观指标_2026-09-22.md
2026-09-22,ndx_breadth_20,纳指100参与度>20日,48.5,百分比,+14.9pp,中性,2026-09-21,1,情绪,休市/未更新，停留1天，使用最近价格 2026-09-21；成分股收盘>SMA20占比；有效101/101只；<20机会/>80风险；yfinance日线,,宏观指标_2026-09-22.md
2026-09-22,ndx_breadth_200,纳指100参与度>200日,56.6,百分比,+1.0pp,中性,2026-09-21,1,情绪,休市/未更新，停留1天，使用最近价格 2026-09-21；成分股收盘>SMA200占比；有效99/101只；<20机会/>80风险；yfinance日线,,宏观指标_2026-09-22.md
2026-09-22,ndx_breadth_50,纳指100参与度>50日,39.6,百分比,+6.9pp,中性,2026-09-21,1,情绪,休市/未更新，停留1天，使用最近价格 2026-09-21；成分股收盘>SMA50占比；有效101/101只；<20机会/>80风险；yfinance日线,,宏观指标_2026-09-22.md
2026-09-22,spx_breadth_20,标普参与度>20日,26.6,百分比,+6.4pp,中性,2026-09-21,1,情绪,休市/未更新，停留1天，使用最近价格 2026-09-21；成分股收盘>SMA20占比；有效503/503只；<20机会/>80风险；yfinance日线,,宏观指标_2026-09-22.md
2026-09-22,spx_breadth_200,标普参与度>200日,52.9,百分比,-0.2pp,中性,2026-09-21,1,情绪,休市/未更新，停留1天，使用最近价格 2026-09-21；成分股收盘>SMA200占比；有效501/503只；<20机会/>80风险；yfinance日线,,宏观指标_2026-09-22.md
2026-09-22,spx_breadth_50,标普参与度>50日,31.2,百分比,+2.0pp,中性,2026-09-21,1,情绪,休市/未更新，停留1天，使用最近价格 2026-09-21；成分股收盘>SMA50占比；有效503/503只；<20机会/>80风险；yfinance日线,,宏观指标_2026-09-22.md
2026-09-22,spx_rsi,标普500 RSI(14),59.27,点,,中性,2026-09-22,,情绪,日线 Wilder RSI(14)，yfinance,,宏观指标_2026-09-22.md
2026-09-22,t10y2y,10Y-2Y美债利差,0.25,百分点,+25.00%,中性,2026-09-22,,情绪,FRED T10Y2Y，单位百分点,,宏观指标_2026-09-22.md
2026-09-22,tips_10y,10年期实际利率(TIPS),2.62,百分比,-2.24%,风险,2026-09-21,1,其他,休市/未更新，停留1天，使用最近价格 2026-09-21；FRED DFII10，单位%；风险阈值>2.5%,,宏观指标_2026-09-22.md
2026-09-22,us_10y,US_10y,4.97,百分比,+0.10%,风险,2026-09-22,,其他,yfinance ^TNX；风险阈值>4.5%,,宏观指标_2026-09-22.md
2026-09-22,usdcny,美元兑人民币,6.6953,人民币,-0.03%,中性,2026-09-22,,其他,yfinance CNY=X,,宏观指标_2026-09-22.md
2026-09-22,vix,VIX恐慌指数,14.21,点,-4.44%,中性,2026-09-22,,情绪,yfinance ^VIX（CBOE VIX）,,宏观指标_2026-09-22.md
2026-09-22,wti,WTI原油期货,89.66,美元,-6.39%,风险,2026-09-22,,其他,yfinance CL=F,,宏观指标_2026-09-22.md
2026-09-23,aaii,AAII指数,-24.5,百分点,-23.2pp,恐慌,2026-09-16,1,情绪,非发布日，沿用2026-09-16读数（该期约美东2026-09-17发布，距今7天）；划分理由：熊53.3%≥45；牛熊差-24.5≤-15→极端悲观；牛28.8%/中17.9%/熊53.3%；牛熊差-24.5pp（历史均值约+6.5）；差周环比-23.2pp；划分：熊≥45或差≤-15=恐慌，牛≥50或差≥20=贪婪，否则中性；综合评价时恐慌计偏机会、贪婪计偏风险；AAII周调查，一般美东周四上午发布（投票周四00:01–周三23:59 ET）；源=AAII官网,,宏观指标_2026-09-23.md
2026-09-23,btc,btc,84342.34,美元,-2.12%,中性,2026-09-24,,其他,yfinance BTC-USD 最新日线/盘中数据；目标日期2026-09-23无Yahoo日线，使用最新可得 2026-09-24,,宏观指标_2026-09-23.md
2026-09-23,cnn_fg,CNN 恐贪指数,34.69,点,,恐慌,2026-09-23,,情绪,CNN官方分级=恐慌（源rating=fear）,,宏观指标_2026-09-23.md
2026-09-23,copper,COMEX铜期货,6.7755,美元,+0.24%,中性,2026-09-23,,其他,yfinance HG=F,,宏观指标_2026-09-23.md
2026-09-23,etf_ndx,广发纳指ETF溢价率,11.69,百分比,+0.52%,中性,2026-09-23,,情绪,HaoETF QDII 历史数据；每日收盘T-1日溢价率，单位%；<0提示机会；代码159941,,宏观指标_2026-09-23.md
2026-09-23,etf_spx,博时标普500ETF溢价率,9.85,百分比,-1.30%,中性,2026-09-23,,情绪,HaoETF QDII 历史数据；每日收盘T-1日溢价率，单位%；<0提示机会；代码513500,,宏观指标_2026-09-23.md
2026-09-23,gold,COMEX黄金,4327.2,美元,-1.12%,中性,2026-09-23,,其他,yfinance GC=F,,宏观指标_2026-09-23.md
2026-09-23,hy_oas,高收益债信用利差,2.68,百分点,+0.75%,中性,2026-09-22,1,情绪,休市/未更新，停留1天，使用最近价格 2026-09-22；FRED BAMLH0A0HYM2，单位百分点,,宏观指标_2026-09-23.md
2026-09-23,nasdaq_rsi,纳斯达克 RSI(14),60.41,点,,中性,2026-09-23,,情绪,日线 Wilder RSI(14)，yfinance,,宏观指标_2026-09-23.md
2026-09-23,spx_rsi,标普500 RSI(14),54.08,点,,中性,2026-09-23,,情绪,日线 Wilder RSI(14)，yfinance,,宏观指标_2026-09-23.md
2026-09-23,t10y2y,10Y-2Y美债利差,0.26,百分点,+4.00%,中性,2026-09-23,,情绪,FRED T10Y2Y，单位百分点,,宏观指标_2026-09-23.md
2026-09-23,tips_10y,10年期实际利率(TIPS),2.63,百分比,+0.38%,风险,2026-09-22,1,其他,休市/未更新，停留1天，使用最近价格 2026-09-22；FRED DFII10，单位%；风险阈值>2.5%,,宏观指标_2026-09-23.md
2026-09-23,us_10y,US_10y,5.11,百分比,+3.04%,风险,2026-09-23,,其他,yfinance ^TNX；风险阈值>4.5%,,宏观指标_2026-09-23.md
2026-09-23,us_2y,US_2y,4.89,百分比,-0.04%,风险,2026-09-23,,其他,CNBC/Tradeweb US2Y 实时市场数据，单位%；realTime=true,,宏观指标_2026-09-23.md
2026-09-23,usdcny,美元兑人民币,6.6996,人民币,+0.06%,中性,2026-09-23,,其他,yfinance CNY=X,,宏观指标_2026-09-23.md
2026-09-23,vix,VIX恐慌指数,15.18,点,+2.08%,中性,2026-09-23,,情绪,yfinance ^VIX（CBOE VIX）,,宏观指标_2026-09-23.md
2026-09-23,wti,WTI原油期货,92.02,美元,-2.72%,中性,2026-09-23,,其他,yfinance CL=F,,宏观指标_2026-09-23.md
2026-09-24,aaii,AAII指数,-15.4,百分点,+9.1pp,恐慌,2026-09-23,,情绪,本日更新（周结束2026-09-23，约美东2026-09-24发布）；划分理由：熊48.1%≥45；牛熊差-15.4≤-15→极端悲观；牛32.7%/中19.2%/熊48.1%；牛熊差-15.4pp（历史均值约+6.5）；差周环比+9.1pp；划分：熊≥45或差≤-15=恐慌，牛≥50或差≥20=贪婪，否则中性；综合评价时恐慌计偏机会、贪婪计偏风险；AAII周调查，一般美东周四上午发布（投票周四00:01–周三23:59 ET）；源=AAII官网,,宏观指标_2026-09-24.md
2026-09-24,btc,btc,84805.78,美元,+0.50%,中性,2026-09-25,,其他,yfinance BTC-USD 最新日线/盘中数据；目标日期2026-09-24无Yahoo日线，使用最新可得 2026-09-25,,宏观指标_2026-09-24.md
2026-09-24,cnn_fg,CNN 恐贪指数,36.11,点,,恐慌,2026-09-24,,情绪,CNN官方分级=恐慌（源rating=fear）,,宏观指标_2026-09-24.md
2026-09-24,copper,COMEX铜期货,6.752,美元,+1.11%,中性,2026-09-24,,其他,yfinance HG=F,,宏观指标_2026-09-24.md
2026-09-24,etf_ndx,广发纳指ETF溢价率,11.26,百分比,-3.68%,中性,2026-09-24,,情绪,HaoETF QDII 历史数据；每日收盘T-1日溢价率，单位%；<0提示机会；代码159941,,宏观指标_2026-09-24.md
2026-09-24,etf_spx,博时标普500ETF溢价率,9.1,百分比,-7.61%,中性,2026-09-24,,情绪,HaoETF QDII 历史数据；每日收盘T-1日溢价率，单位%；<0提示机会；代码513500,,宏观指标_2026-09-24.md
2026-09-24,gold,COMEX黄金,4328.4,美元,+0.23%,中性,2026-09-24,,其他,yfinance GC=F,,宏观指标_2026-09-24.md
2026-09-24,hy_oas,高收益债信用利差,2.73,百分点,+1.87%,中性,2026-09-23,1,情绪,休市/未更新，停留1天，使用最近价格 2026-09-23；FRED BAMLH0A0HYM2，单位百分点,,宏观指标_2026-09-24.md
2026-09-24,nasdaq_rsi,纳斯达克 RSI(14),60.44,点,,中性,2026-09-24,,情绪,日线 Wilder RSI(14)，yfinance,,宏观指标_2026-09-24.md
2026-09-24,spx_rsi,标普500 RSI(14),53.9,点,,中性,2026-09-24,,情绪,日线 Wilder RSI(14)，yfinance,,宏观指标_2026-09-24.md
2026-09-24,t10y2y,10Y-2Y美债利差,0.31,百分点,+19.23%,中性,2026-09-24,,情绪,FRED T10Y2Y，单位百分点,,宏观指标_2026-09-24.md
2026-09-24,tips_10y,10年期实际利率(TIPS),2.76,百分比,+4.94%,风险,2026-09-23,1,其他,休市/未更新，停留1天，使用最近价格 2026-09-23；FRED DFII10，单位%；风险阈值>2.5%,,宏观指标_2026-09-24.md
2026-09-24,us_10y,US_10y,5.16,百分比,+0.94%,风险,2026-09-24,,其他,yfinance ^TNX；风险阈值>4.5%,,宏观指标_2026-09-24.md
2026-09-24,us_2y,US_2y,4.91,百分比,+0.31%,风险,2026-09-24,,其他,CNBC/Tradeweb US2Y 实时市场数据，单位%；realTime=true,,宏观指标_2026-09-24.md
2026-09-24,usdcny,美元兑人民币,6.7111,人民币,+0.17%,中性,2026-09-24,,其他,yfinance CNY=X,,宏观指标_2026-09-24.md
2026-09-24,vix,VIX恐慌指数,15.67,点,+3.23%,中性,2026-09-24,,情绪,yfinance ^VIX（CBOE VIX）,,宏观指标_2026-09-24.md
2026-09-24,wti,WTI原油期货,93.19,美元,+1.12%,中性,2026-09-24,,其他,yfinance CL=F,,宏观指标_2026-09-24.md
2026-09-26,aaii,AAII指数,-15.4,百分点,+9.1pp,恐慌,2026-09-23,1,情绪,非发布日，沿用2026-09-23读数（该期约美东2026-09-24发布，距今3天）；划分理由：熊48.1%≥45；牛熊差-15.4≤-15→极端悲观；牛32.7%/中19.2%/熊48.1%；牛熊差-15.4pp（历史均值约+6.5）；差周环比+9.1pp；划分：熊≥45或差≤-15=恐慌，牛≥50或差≥20=贪婪，否则中性；综合评价时恐慌计偏机会、贪婪计偏风险；AAII周调查，一般美东周四上午发布（投票周四00:01–周三23:59 ET）；源=AAII官网,,宏观指标_2026-09-25.md
2026-09-26,btc,btc,84590.34,美元,+0.66%,中性,2026-09-27,,其他,yfinance BTC-USD 最新日线/盘中数据；目标日期2026-09-25无Yahoo日线，使用最新可得 2026-09-27,,宏观指标_2026-09-25.md
2026-09-26,cnn_fg,CNN 恐贪指数,37.0,点,,恐慌,2026-09-25,,情绪,CNN官方分级=恐慌（源rating=fear）,,宏观指标_2026-09-25.md
2026-09-26,copper,COMEX铜期货,6.6955,美元,-0.34%,中性,2026-09-25,,其他,yfinance HG=F,,宏观指标_2026-09-25.md
2026-09-26,effr_next,下月EFFR,4.046,百分比,,中性,2026-09-25,,利率,"Investing Fed Rate Monitor；当前EFFR 3.88%(2026-09-24)；按目标上限-EFFR利差12bp折算；最大概率区间4.00 - 4.25(66.6%)；**隐含加息0.7次**；概率更新时间 Sep 26, 2026 12:35AM EDT",0.7,宏观指标_2026-09-25.md
2026-09-26,effr_ny,明年底EFFR,4.762,百分比,,中性,2026-09-25,,利率,"Investing Fed Rate Monitor；当前EFFR 3.88%(2026-09-24)；按目标上限-EFFR利差12bp折算；最大概率区间4.75 - 5.00(28.9%)；**隐含加息3.5次**；概率更新时间 Sep 26, 2026 12:35AM EDT",3.5,宏观指标_2026-09-25.md
2026-09-26,effr_year,年底EFFR,4.24,百分比,,中性,2026-09-25,,利率,"Investing Fed Rate Monitor；当前EFFR 3.88%(2026-09-24)；按目标上限-EFFR利差12bp折算；最大概率区间4.25 - 4.50(51.6%)；**隐含加息1.4次**；概率更新时间 Sep 26, 2026 12:35AM EDT",1.4,宏观指标_2026-09-25.md
2026-09-26,etf_ndx,广发纳指ETF溢价率,11.26,百分比,-3.68%,中性,2026-09-24,1,情绪,休市/未更新，停留1天，使用最近价格 2026-09-24；HaoETF QDII 历史数据；每日收盘T-1日溢价率，单位%；<0提示机会；代码159941,,宏观指标_2026-09-25.md
2026-09-26,etf_spx,博时标普500ETF溢价率,9.1,百分比,-7.61%,中性,2026-09-24,1,情绪,休市/未更新，停留1天，使用最近价格 2026-09-24；HaoETF QDII 历史数据；每日收盘T-1日溢价率，单位%；<0提示机会；代码513500,,宏观指标_2026-09-25.md
2026-09-26,gold,COMEX黄金,4321.2,美元,+0.54%,中性,2026-09-25,,其他,yfinance GC=F,,宏观指标_2026-09-25.md
2026-09-26,hy_oas,高收益率利差,2.8,百分点,+2.56%,中性,2026-09-24,1,利率,休市/未更新，停留1天，使用最近价格 2026-09-24；FRED BAMLH0A0HYM2，单位百分点,,宏观指标_2026-09-25.md
2026-09-26,nasdaq_rsi,纳斯达克 RSI(14),61.13,点,,中性,2026-09-25,,情绪,日线 Wilder RSI(14)，yfinance,,宏观指标_2026-09-25.md
2026-09-26,ndx_breadth_20,纳斯达克100参与度>20日,54.5,百分比,+5.0pp,中性,2026-09-25,,情绪,成分股收盘>SMA20占比；有效101/101只；80风险；yfinance日线,,宏观指标_2026-09-25.md
2026-09-26,ndx_breadth_200,纳斯达克100参与度>200日,59.6,百分比,+3.0pp,中性,2026-09-25,,情绪,成分股收盘>SMA200占比；有效99/101只；80风险；yfinance日线,,宏观指标_2026-09-25.md
2026-09-26,ndx_breadth_50,纳斯达克100参与度>50日,46.5,百分比,+4.0pp,中性,2026-09-25,,情绪,成分股收盘>SMA50占比；有效101/101只；80风险；yfinance日线,,宏观指标_2026-09-25.md
2026-09-26,spx_breadth_20,标普500参与度>20日,30.2,百分比,+3.4pp,中性,2026-09-25,,情绪,成分股收盘>SMA20占比；有效503/503只；80风险；yfinance日线,,宏观指标_2026-09-25.md
2026-09-26,spx_breadth_200,标普500参与度>200日,49.1,百分比,+1.4pp,中性,2026-09-25,,情绪,成分股收盘>SMA200占比；有效501/503只；80风险；yfinance日线,,宏观指标_2026-09-25.md
2026-09-26,spx_breadth_50,标普500参与度>50日,27.4,百分比,+1.2pp,中性,2026-09-25,,情绪,成分股收盘>SMA50占比；有效503/503只；80风险；yfinance日线,,宏观指标_2026-09-25.md
2026-09-26,spx_rsi,标普500 RSI(14),56.68,点,,中性,2026-09-25,,情绪,日线 Wilder RSI(14)，yfinance,,宏观指标_2026-09-25.md
2026-09-26,t10y2y,10Y-2Y美债利差,0.36,百分点,+16.13%,中性,2026-09-25,,利率,FRED T10Y2Y，单位百分点,,宏观指标_2026-09-25.md
2026-09-26,t10yie,10年期通胀预期,2.34,百分比,+0.43%,中性,2026-09-25,,利率,FRED T10YIE，10Y breakeven，单位%,,宏观指标_2026-09-25.md
2026-09-26,tips_10y,10年期实际利率,2.85,百分比,+3.26%,风险,2026-09-24,1,利率,休市/未更新，停留1天，使用最近价格 2026-09-24；FRED DFII10，单位%；风险阈值>2.5%,,宏观指标_2026-09-25.md
2026-09-26,us_10y,10年期美债,5.18,百分比,+1.37%,风险,2026-09-24,1,利率,休市/未更新，停留1天，使用最近价格 2026-09-24；FRED DGS10，单位%；风险阈值>4.5%,,宏观指标_2026-09-25.md
2026-09-26,us_2y,2年期美债,4.86,百分比,-0.72%,风险,2026-09-25,,利率,CNBC/Tradeweb US2Y 实时市场数据，单位%；realTime=true,,宏观指标_2026-09-25.md
2026-09-26,usdcny,美元兑人民币,6.7111,人民币,+0.00%,中性,2026-09-25,,其他,yfinance CNY=X,,宏观指标_2026-09-25.md
2026-09-26,vix,VIX恐慌指数,14.87,点,-5.11%,中性,2026-09-25,,情绪,yfinance ^VIX（CBOE VIX）,,宏观指标_2026-09-25.md
2026-09-26,wti,WTI原油期货,92.41,美元,-2.33%,中性,2026-09-25,,其他,yfinance CL=F,,宏观指标_2026-09-25.md
2026-09-27,aaii,AAII指数,-15.4,百分点,+9.1pp,恐慌,2026-09-23,1,情绪,非发布日，沿用2026-09-23读数（该期约美东2026-09-24发布，距今4天）；划分理由：熊48.1%≥45；牛熊差-15.4≤-15→极端悲观；牛32.7%/中19.2%/熊48.1%；牛熊差-15.4pp（历史均值约+6.5）；差周环比+9.1pp；划分：熊≥45或差≤-15=恐慌，牛≥50或差≥20=贪婪，否则中性；综合评价时恐慌计偏机会、贪婪计偏风险；AAII周调查，一般美东周四上午发布（投票周四00:01–周三23:59 ET）；源=AAII官网,,宏观指标_2026-09-25.md
2026-09-27,btc,btc,84541.1,美元,+0.16%,中性,2026-09-28,,其他,yfinance BTC-USD 最新日线/盘中数据；目标日期2026-09-25无Yahoo日线，使用最新可得 2026-09-28,,宏观指标_2026-09-25.md
2026-09-27,cnn_fg,CNN 恐贪指数,37.0,点,,恐慌,2026-09-25,,情绪,CNN官方分级=恐慌（源rating=fear）,,宏观指标_2026-09-25.md
2026-09-27,copper,COMEX铜期货,6.6955,美元,-0.34%,中性,2026-09-25,,其他,yfinance HG=F,,宏观指标_2026-09-25.md
2026-09-27,effr_next,下月EFFR,4.046,百分比,,中性,2026-09-25,,利率,"Investing Fed Rate Monitor；当前EFFR 3.88%(2026-09-24)；按目标上限-EFFR利差12bp折算；最大概率区间4.00 - 4.25(66.6%)；**隐含加息0.7次**；概率更新时间 Sep 26, 2026 12:35AM EDT",0.7,宏观指标_2026-09-25.md
2026-09-27,effr_ny,明年底EFFR,4.762,百分比,,中性,2026-09-25,,利率,"Investing Fed Rate Monitor；当前EFFR 3.88%(2026-09-24)；按目标上限-EFFR利差12bp折算；最大概率区间4.75 - 5.00(28.9%)；**隐含加息3.5次**；概率更新时间 Sep 26, 2026 12:35AM EDT",3.5,宏观指标_2026-09-25.md
2026-09-27,effr_year,年底EFFR,4.24,百分比,,中性,2026-09-25,,利率,"Investing Fed Rate Monitor；当前EFFR 3.88%(2026-09-24)；按目标上限-EFFR利差12bp折算；最大概率区间4.25 - 4.50(51.6%)；**隐含加息1.4次**；概率更新时间 Sep 26, 2026 12:35AM EDT",1.4,宏观指标_2026-09-25.md
2026-09-27,etf_ndx,广发纳指ETF溢价率,11.26,百分比,-3.68%,中性,2026-09-24,1,情绪,休市/未更新，停留1天，使用最近价格 2026-09-24；HaoETF QDII 历史数据；每日收盘T-1日溢价率，单位%；<0提示机会；代码159941,,宏观指标_2026-09-25.md
2026-09-27,etf_spx,博时标普500ETF溢价率,9.1,百分比,-7.61%,中性,2026-09-24,1,情绪,休市/未更新，停留1天，使用最近价格 2026-09-24；HaoETF QDII 历史数据；每日收盘T-1日溢价率，单位%；<0提示机会；代码513500,,宏观指标_2026-09-25.md
2026-09-27,gold,COMEX黄金,4321.2,美元,+0.54%,中性,2026-09-25,,其他,yfinance GC=F,,宏观指标_2026-09-25.md
2026-09-27,hy_oas,高收益率利差,2.8,百分点,+2.56%,中性,2026-09-24,1,利率,休市/未更新，停留1天，使用最近价格 2026-09-24；FRED BAMLH0A0HYM2，单位百分点,,宏观指标_2026-09-25.md
2026-09-27,nasdaq_rsi,纳斯达克 RSI(14),61.13,点,,中性,2026-09-25,,情绪,日线 Wilder RSI(14)，yfinance,,宏观指标_2026-09-25.md
2026-09-27,ndx_breadth_20,纳斯达克100参与度>20日,54.5,百分比,+5.0pp,中性,2026-09-25,,情绪,成分股收盘>SMA20占比；有效101/101只；<20机会/>80风险；yfinance日线,,宏观指标_2026-09-25.md
2026-09-27,ndx_breadth_200,纳斯达克100参与度>200日,59.6,百分比,+3.0pp,中性,2026-09-25,,情绪,成分股收盘>SMA200占比；有效99/101只；<20机会/>80风险；yfinance日线,,宏观指标_2026-09-25.md
2026-09-27,ndx_breadth_50,纳斯达克100参与度>50日,46.5,百分比,+4.0pp,中性,2026-09-25,,情绪,成分股收盘>SMA50占比；有效101/101只；<20机会/>80风险；yfinance日线,,宏观指标_2026-09-25.md
2026-09-27,spx_breadth_20,标普500参与度>20日,30.2,百分比,+3.4pp,中性,2026-09-25,,情绪,成分股收盘>SMA20占比；有效503/503只；<20机会/>80风险；yfinance日线,,宏观指标_2026-09-25.md
2026-09-27,spx_breadth_200,标普500参与度>200日,49.1,百分比,+1.4pp,中性,2026-09-25,,情绪,成分股收盘>SMA200占比；有效501/503只；<20机会/>80风险；yfinance日线,,宏观指标_2026-09-25.md
2026-09-27,spx_breadth_50,标普500参与度>50日,27.4,百分比,+1.2pp,中性,2026-09-25,,情绪,成分股收盘>SMA50占比；有效503/503只；<20机会/>80风险；yfinance日线,,宏观指标_2026-09-25.md
2026-09-27,spx_rsi,标普500 RSI(14),56.68,点,,中性,2026-09-25,,情绪,日线 Wilder RSI(14)，yfinance,,宏观指标_2026-09-25.md
2026-09-27,t10y2y,10Y-2Y美债利差,0.36,百分点,+16.13%,中性,2026-09-25,,利率,FRED T10Y2Y，单位百分点,,宏观指标_2026-09-25.md
2026-09-27,t10yie,10年期通胀预期,2.34,百分比,+0.43%,中性,2026-09-25,,利率,FRED T10YIE，10Y breakeven，单位%,,宏观指标_2026-09-25.md
2026-09-27,tips_10y,10年期实际利率,2.85,百分比,+3.26%,风险,2026-09-24,1,利率,休市/未更新，停留1天，使用最近价格 2026-09-24；FRED DFII10，单位%；风险阈值>2.5%,,宏观指标_2026-09-25.md
2026-09-27,us_10y,10年期美债,5.18,百分比,+1.37%,风险,2026-09-24,1,利率,休市/未更新，停留1天，使用最近价格 2026-09-24；FRED DGS10，单位%；风险阈值>4.5%,,宏观指标_2026-09-25.md
2026-09-27,us_2y,2年期美债,4.89,百分比,+0.60%,风险,2026-09-27,,利率,CNBC/Tradeweb US2Y 实时市场数据，单位%；realTime=true,,宏观指标_2026-09-25.md
2026-09-27,usdcny,美元兑人民币,6.7111,人民币,+0.00%,中性,2026-09-25,,其他,yfinance CNY=X,,宏观指标_2026-09-25.md
2026-09-27,vix,VIX恐慌指数,14.87,点,-5.11%,中性,2026-09-25,,情绪,yfinance ^VIX（CBOE VIX）,,宏观指标_2026-09-25.md
2026-09-27,wti,WTI原油期货,92.41,美元,-2.33%,中性,2026-09-25,,其他,yfinance CL=F,,宏观指标_2026-09-25.md
2026-09-28,aaii,AAII指数,-15.4,百分点,+9.1pp,恐慌,2026-09-23,1,情绪,非发布日，沿用2026-09-23读数（该期约美东2026-09-24发布，距今5天）；划分理由：熊48.1%≥45；牛熊差-15.4≤-15→极端悲观；牛32.7%/中19.2%/熊48.1%；牛熊差-15.4pp（历史均值约+6.5）；差周环比+9.1pp；划分：熊≥45或差≤-15=恐慌，牛≥50或差≥20=贪婪，否则中性；综合评价时恐慌计偏机会、贪婪计偏风险；AAII周调查，一般美东周四上午发布（投票周四00:01–周三23:59 ET）；源=AAII官网,,宏观指标_2026-09-28.md
2026-09-28,btc,btc,83024.92,美元,-1.70%,中性,2026-09-29,,其他,yfinance BTC-USD 最新日线/盘中数据；目标日期2026-09-28无Yahoo日线，使用最新可得 2026-09-29,,宏观指标_2026-09-28.md
2026-09-28,cnn_fg,CNN 恐贪指数,33.94,点,,恐慌,2026-09-28,,情绪,CNN官方分级=恐慌（源rating=fear）,,宏观指标_2026-09-28.md
2026-09-28,copper,COMEX铜期货,6.6235,美元,-1.08%,中性,2026-09-28,,其他,yfinance HG=F,,宏观指标_2026-09-28.md
2026-09-28,effr_next,下月EFFR,4.061,百分比,,中性,2026-09-28,,利率,"Investing Fed Rate Monitor；当前EFFR 3.88%(2026-09-25)；按目标上限-EFFR利差12bp折算；最大概率区间4.00 - 4.25(72.3%)；**隐含加息0.7次**；概率更新时间 Sep 28, 2026 10:15PM EDT",0.7,宏观指标_2026-09-28.md
2026-09-28,effr_ny,明年底EFFR,4.83,百分比,,中性,2026-09-28,,利率,"Investing Fed Rate Monitor；当前EFFR 3.88%(2026-09-25)；按目标上限-EFFR利差12bp折算；最大概率区间4.75 - 5.00(30.3%)；**隐含加息3.8次**；概率更新时间 Sep 28, 2026 10:15PM EDT",3.8,宏观指标_2026-09-28.md
2026-09-28,effr_year,年底EFFR,4.263,百分比,,中性,2026-09-28,,利率,"Investing Fed Rate Monitor；当前EFFR 3.88%(2026-09-25)；按目标上限-EFFR利差12bp折算；最大概率区间4.25 - 4.50(58.4%)；**隐含加息1.5次**；概率更新时间 Sep 28, 2026 10:15PM EDT",1.5,宏观指标_2026-09-28.md
2026-09-28,etf_ndx,广发纳指ETF溢价率,10.62,百分比,-5.68%,中性,2026-09-28,,情绪,HaoETF QDII 历史数据；每日收盘T-1日溢价率，单位%；<0提示机会；代码159941,,宏观指标_2026-09-28.md
2026-09-28,etf_spx,博时标普500ETF溢价率,9.08,百分比,-0.22%,中性,2026-09-28,,情绪,HaoETF QDII 历史数据；每日收盘T-1日溢价率，单位%；<0提示机会；代码513500,,宏观指标_2026-09-28.md
2026-09-28,gold,COMEX黄金,4165.9,美元,-3.59%,风险,2026-09-28,,其他,yfinance GC=F,,宏观指标_2026-09-28.md
2026-09-28,hy_oas,高收益率利差,2.93,百分点,+4.64%,中性,2026-09-25,1,利率,休市/未更新，停留3天，使用最近价格 2026-09-25；FRED BAMLH0A0HYM2，单位百分点,,宏观指标_2026-09-28.md
2026-09-28,nasdaq_rsi,纳斯达克 RSI(14),55.81,点,,中性,2026-09-28,,情绪,日线 Wilder RSI(14)，yfinance,,宏观指标_2026-09-28.md
2026-09-28,ndx_breadth_20,纳斯达克100参与度>20日,55.4,百分比,+1.0pp,中性,2026-09-28,,情绪,成分股收盘>SMA20占比；有效101/101只；<20机会/>80风险；yfinance日线；成分股缓存2026-09-28；价格增量更新2026-09-14起,,宏观指标_2026-09-28.md
2026-09-28,ndx_breadth_200,纳斯达克100参与度>200日,57.6,百分比,-2.0pp,中性,2026-09-28,,情绪,成分股收盘>SMA200占比；有效99/101只；<20机会/>80风险；yfinance日线；成分股缓存2026-09-28；价格增量更新2026-09-14起,,宏观指标_2026-09-28.md
2026-09-28,ndx_breadth_50,纳斯达克100参与度>50日,46.5,百分比,+0.0pp,中性,2026-09-28,,情绪,成分股收盘>SMA50占比；有效101/101只；<20机会/>80风险；yfinance日线；成分股缓存2026-09-28；价格增量更新2026-09-14起,,宏观指标_2026-09-28.md
2026-09-28,spx_breadth_20,标普500参与度>20日,29.6,百分比,-0.6pp,中性,2026-09-28,,情绪,成分股收盘>SMA20占比；有效503/503只；<20机会/>80风险；yfinance日线；成分股缓存2026-09-28；价格增量更新2026-09-14起,,宏观指标_2026-09-28.md
2026-09-28,spx_breadth_200,标普500参与度>200日,47.9,百分比,-1.2pp,中性,2026-09-28,,情绪,成分股收盘>SMA200占比；有效501/503只；<20机会/>80风险；yfinance日线；成分股缓存2026-09-28；价格增量更新2026-09-14起,,宏观指标_2026-09-28.md
2026-09-28,spx_breadth_50,标普500参与度>50日,25.0,百分比,-2.4pp,中性,2026-09-28,,情绪,成分股收盘>SMA50占比；有效503/503只；<20机会/>80风险；yfinance日线；成分股缓存2026-09-28；价格增量更新2026-09-14起,,宏观指标_2026-09-28.md
2026-09-28,spx_rsi,标普500 RSI(14),51.05,点,,中性,2026-09-28,,情绪,日线 Wilder RSI(14)，yfinance,,宏观指标_2026-09-28.md
2026-09-28,t10y2y,10Y-2Y美债利差,0.32,百分点,-11.11%,中性,2026-09-28,,利率,FRED T10Y2Y，单位百分点,,宏观指标_2026-09-28.md
2026-09-28,t10yie,10年期通胀预期,2.34,百分比,+0.00%,中性,2026-09-28,,利率,FRED T10YIE，10Y breakeven，单位%,,宏观指标_2026-09-28.md
2026-09-28,tips_10y,10年期实际利率,2.83,百分比,-0.70%,风险,2026-09-25,1,利率,休市/未更新，停留3天，使用最近价格 2026-09-25；FRED DFII10，单位%；风险阈值>2.5%,,宏观指标_2026-09-28.md
2026-09-28,us_10y,10年期美债,5.24,百分比,-0.08%,风险,2026-09-28,,利率,CNBC/Tradeweb US10Y 实时市场数据，单位%；realTime=true,,宏观指标_2026-09-28.md
2026-09-28,us_2y,2年期美债,4.93,百分比,+0.18%,风险,2026-09-28,,利率,CNBC/Tradeweb US2Y 实时市场数据，单位%；realTime=true,,宏观指标_2026-09-28.md
2026-09-28,usdcny,美元兑人民币,6.7128,人民币,+0.03%,中性,2026-09-28,,其他,yfinance CNY=X,,宏观指标_2026-09-28.md
2026-09-28,vix,VIX恐慌指数,16.07,点,+8.07%,中性,2026-09-28,,情绪,yfinance ^VIX（CBOE VIX）,,宏观指标_2026-09-28.md
2026-09-28,wti,WTI原油期货,93.57,美元,+1.26%,中性,2026-09-28,,其他,yfinance CL=F,,宏观指标_2026-09-28.md
2026-09-29,aaii,AAII指数,-15.4,百分点,+9.1pp,恐慌,2026-09-23,1,情绪,非发布日，沿用2026-09-23读数（该期约美东2026-09-24发布，距今6天）；划分理由：熊48.1%≥45；牛熊差-15.4≤-15→极端悲观；牛32.7%/中19.2%/熊48.1%；牛熊差-15.4pp（历史均值约+6.5）；差周环比+9.1pp；划分：熊≥45或差≤-15=恐慌，牛≥50或差≥20=贪婪，否则中性；综合评价时恐慌计偏机会、贪婪计偏风险；AAII周调查，一般美东周四上午发布（投票周四00:01–周三23:59 ET）；源=AAII官网,,宏观指标_2026-09-29.md
2026-09-29,btc,btc,83337.66,美元,-0.20%,中性,2026-09-30,,其他,yfinance BTC-USD 最新日线/盘中数据；目标日期2026-09-29无Yahoo日线，使用最新可得 2026-09-30,,宏观指标_2026-09-29.md
2026-09-29,cnn_fg,CNN 恐贪指数,31.54,点,,恐慌,2026-09-29,,情绪,CNN官方分级=恐慌（源rating=fear）,,宏观指标_2026-09-29.md
2026-09-29,copper,COMEX铜期货,6.5435,美元,-0.34%,中性,2026-09-29,,其他,yfinance HG=F,,宏观指标_2026-09-29.md
2026-09-29,effr_next,下月EFFR,3.998,百分比,,中性,2026-09-29,,利率,"Investing Fed Rate Monitor；当前EFFR 3.88%(2026-09-28)；按目标上限-EFFR利差12bp折算；最大概率区间3.75 - 4.00(52.9%)；**隐含加息0.5次**；概率更新时间 Sep 29, 2026 07:45PM EDT",0.5,宏观指标_2026-09-29.md
2026-09-29,effr_ny,明年底EFFR,4.803,百分比,-0.027%,中性,2026-09-29,,利率,"隐含加息3.7次，最大概率区间4.75 - 5.00（概率29.9%），5日累计变化历史快照不足，更新时间Sep 29, 2026 11:55PM EDT，日期2026-09-29",3.7,宏观指标_2026-09-29.md
2026-09-29,effr_year,年底EFFR,4.205,百分比,-0.058%,中性,2026-09-29,,利率,"隐含加息1.3次，最大概率区间4.00 - 4.25（概率50.4%），略转鸽理由：单日下降5.8bp，达到5bp，5日累计变化历史快照不足，更新时间Sep 29, 2026 11:55PM EDT，日期2026-09-29",1.3,宏观指标_2026-09-29.md
2026-09-29,etf_ndx,广发纳指ETF溢价率,12.17,百分比,+14.60%,中性,2026-09-29,,情绪,HaoETF QDII 历史数据；每日收盘T-1日溢价率，单位%；<0提示机会；代码159941,,宏观指标_2026-09-29.md
2026-09-29,etf_spx,博时标普500ETF溢价率,9.77,百分比,+7.60%,中性,2026-09-29,,情绪,HaoETF QDII 历史数据；每日收盘T-1日溢价率，单位%；<0提示机会；代码513500,,宏观指标_2026-09-29.md
2026-09-29,gold,COMEX黄金,4179.7,美元,+0.27%,中性,2026-09-29,,其他,yfinance GC=F,,宏观指标_2026-09-29.md
2026-09-29,hy_oas,高收益率利差,3.02,百分点,+3.07%,中性,2026-09-28,1,利率,休市/未更新，停留1天，使用最近价格 2026-09-28；FRED BAMLH0A0HYM2，单位百分点,,宏观指标_2026-09-29.md
2026-09-29,nasdaq_rsi,纳斯达克 RSI(14),55.33,点,,中性,2026-09-29,,情绪,日线 Wilder RSI(14)，yfinance,,宏观指标_2026-09-29.md
2026-09-29,ndx_breadth_20,纳斯达克100参与度>20日,51.5,百分比,-4.0pp,中性,2026-09-29,,情绪,成分股收盘>SMA20占比；有效101/101只；<20机会/>80风险；yfinance日线；成分股缓存2026-09-28；价格增量更新2026-09-15起,,宏观指标_2026-09-29.md
2026-09-29,ndx_breadth_200,纳斯达克100参与度>200日,55.6,百分比,-2.0pp,中性,2026-09-29,,情绪,成分股收盘>SMA200占比；有效99/101只；<20机会/>80风险；yfinance日线；成分股缓存2026-09-28；价格增量更新2026-09-15起,,宏观指标_2026-09-29.md
2026-09-29,ndx_breadth_50,纳斯达克100参与度>50日,47.5,百分比,+1.0pp,中性,2026-09-29,,情绪,成分股收盘>SMA50占比；有效101/101只；<20机会/>80风险；yfinance日线；成分股缓存2026-09-28；价格增量更新2026-09-15起,,宏观指标_2026-09-29.md
2026-09-29,spx_breadth_20,标普500参与度>20日,27.2,百分比,-2.4pp,中性,2026-09-29,,情绪,成分股收盘>SMA20占比；有效503/503只；<20机会/>80风险；yfinance日线；成分股缓存2026-09-28；价格增量更新2026-09-15起,,宏观指标_2026-09-29.md
2026-09-29,spx_breadth_200,标普500参与度>200日,45.5,百分比,-2.4pp,中性,2026-09-29,,情绪,成分股收盘>SMA200占比；有效501/503只；<20机会/>80风险；yfinance日线；成分股缓存2026-09-28；价格增量更新2026-09-15起,,宏观指标_2026-09-29.md
2026-09-29,spx_breadth_50,标普500参与度>50日,25.4,百分比,+0.4pp,中性,2026-09-29,,情绪,成分股收盘>SMA50占比；有效503/503只；<20机会/>80风险；yfinance日线；成分股缓存2026-09-28；价格增量更新2026-09-15起,,宏观指标_2026-09-29.md
2026-09-29,spx_rsi,标普500 RSI(14),49.9,点,,中性,2026-09-29,,情绪,日线 Wilder RSI(14)，yfinance,,宏观指标_2026-09-29.md
2026-09-29,t10y2y,10Y-2Y美债利差,0.37,百分点,+15.62%,中性,2026-09-29,,利率,FRED T10Y2Y，单位百分点,,宏观指标_2026-09-29.md
2026-09-29,t10yie,10年期通胀预期,2.35,百分比,+0.43%,中性,2026-09-29,,利率,FRED T10YIE，10Y breakeven，单位%,,宏观指标_2026-09-29.md
2026-09-29,tips_10y,10年期实际利率,2.9,百分比,+2.47%,风险,2026-09-28,1,利率,休市/未更新，停留1天，使用最近价格 2026-09-28；FRED DFII10，单位%；风险阈值>2.5%,,宏观指标_2026-09-29.md
2026-09-29,us_10y,10年期美债,5.23,百分比,-0.40%,风险,2026-09-30,,利率,CNBC/Tradeweb US10Y 实时市场数据，单位%；realTime=true,,宏观指标_2026-09-29.md
2026-09-29,us_2y,2年期美债,4.89,百分比,+0.04%,风险,2026-09-30,,利率,CNBC/Tradeweb US2Y 实时市场数据，单位%；realTime=true,,宏观指标_2026-09-29.md
2026-09-29,usdcny,美元兑人民币,6.7103,人民币,-0.04%,中性,2026-09-29,,其他,yfinance CNY=X,,宏观指标_2026-09-29.md
2026-09-29,vix,VIX恐慌指数,16.04,点,-0.19%,中性,2026-09-29,,情绪,yfinance ^VIX（CBOE VIX）,,宏观指标_2026-09-29.md
2026-09-29,wti,WTI原油期货,89.38,美元,-3.48%,风险,2026-09-29,,其他,yfinance CL=F,,宏观指标_2026-09-29.md
2026-09-29,下次会议EFFR,下次会议EFFR,4.003,,-0.058%,,2026-09-29,,利率,"隐含加息0.5次，最大概率区间3.75 - 4.00（概率50.6%），略转鸽理由：单日下降5.8bp，达到5bp，5日累计变化历史快照不足，更新时间Sep 29, 2026 11:55PM EDT，日期2026-09-29",0.5,宏观指标_2026-09-29.md
2026-09-30,aaii,AAII指数,-15.4,百分点,+9.1pp,恐慌,2026-09-23,1,情绪,非发布日，沿用2026-09-23读数（该期约美东2026-09-24发布，距今7天）；划分理由：熊48.1%≥45；牛熊差-15.4≤-15→极端悲观；牛32.7%/中19.2%/熊48.1%；牛熊差-15.4pp（历史均值约+6.5）；差周环比+9.1pp；划分：熊≥45或差≤-15=恐慌，牛≥50或差≥20=贪婪，否则中性；综合评价时恐慌计偏机会、贪婪计偏风险；AAII周调查，一般美东周四上午发布（投票周四00:01–周三23:59 ET）；源=AAII官网,,宏观指标_2026-09-30.md
2026-09-30,btc,btc,83553.65,美元,-0.08%,中性,2026-10-01,,其他,yfinance BTC-USD 最新日线/盘中数据；目标日期2026-09-30无Yahoo日线，使用最新可得 2026-10-01,,宏观指标_2026-09-30.md
2026-09-30,cnn_fg,CNN 恐贪指数,30.83,点,,恐慌,2026-09-30,,情绪,CNN官方分级=恐慌（源rating=fear）,,宏观指标_2026-09-30.md
2026-09-30,copper,COMEX铜期货,6.605,美元,+0.94%,中性,2026-09-30,,其他,yfinance HG=F,,宏观指标_2026-09-30.md
2026-09-30,effr_ny,明年底EFFR,4.809,百分比,+0.006%,中性,2026-09-30,,利率,"隐含加息3.7次，最大概率区间4.75 - 5.00（概率29.0%），5日累计变化历史快照不足，更新时间Sep 30, 2026 08:45PM EDT，日期2026-09-30",3.7,宏观指标_2026-09-30.md
2026-09-30,effr_year,年底EFFR,4.171,百分比,-0.034%,中性,2026-09-30,,利率,"隐含加息1.2次，最大概率区间4.00 - 4.25（概率58.9%），5日累计变化历史快照不足，更新时间Sep 30, 2026 08:45PM EDT，日期2026-09-30",1.2,宏观指标_2026-09-30.md
2026-09-30,etf_ndx,广发纳指ETF溢价率,13.7,百分比,+12.57%,中性,2026-09-30,,情绪,HaoETF QDII 历史数据；每日收盘T-1日溢价率，单位%；<0提示机会；代码159941,,宏观指标_2026-09-30.md
2026-09-30,etf_spx,博时标普500ETF溢价率,9.85,百分比,+0.82%,中性,2026-09-30,,情绪,HaoETF QDII 历史数据；每日收盘T-1日溢价率，单位%；<0提示机会；代码513500,,宏观指标_2026-09-30.md
2026-09-30,gold,COMEX黄金,4175.8,美元,-0.09%,中性,2026-09-30,,其他,yfinance GC=F,,宏观指标_2026-09-30.md
2026-09-30,hy_oas,高收益率利差,3.08,百分点,+1.99%,中性,2026-09-29,1,利率,休市/未更新，停留1天，使用最近价格 2026-09-29；FRED BAMLH0A0HYM2，单位百分点,,宏观指标_2026-09-30.md
2026-09-30,nasdaq_rsi,纳斯达克 RSI(14),56.43,点,,中性,2026-09-30,,情绪,日线 Wilder RSI(14)，yfinance,,宏观指标_2026-09-30.md
2026-09-30,ndx_breadth_20,纳斯达克100参与度>20日,49.5,百分比,-2.0pp,中性,2026-09-30,,情绪,成分股收盘>SMA20占比；有效101/101只；<20机会/>80风险；yfinance日线；成分股缓存2026-09-28；价格增量更新2026-09-16起；目标日期窄窗口重试成功,,宏观指标_2026-09-30.md
2026-09-30,ndx_breadth_200,纳斯达克100参与度>200日,55.6,百分比,+0.0pp,中性,2026-09-30,,情绪,成分股收盘>SMA200占比；有效99/101只；<20机会/>80风险；yfinance日线；成分股缓存2026-09-28；价格增量更新2026-09-16起；目标日期窄窗口重试成功,,宏观指标_2026-09-30.md
2026-09-30,ndx_breadth_50,纳斯达克100参与度>50日,47.5,百分比,+0.0pp,中性,2026-09-30,,情绪,成分股收盘>SMA50占比；有效101/101只；<20机会/>80风险；yfinance日线；成分股缓存2026-09-28；价格增量更新2026-09-16起；目标日期窄窗口重试成功,,宏观指标_2026-09-30.md
2026-09-30,spx_breadth_20,标普500参与度>20日,22.9,百分比,-4.4pp,中性,2026-09-30,,情绪,成分股收盘>SMA20占比；有效503/503只；<20机会/>80风险；yfinance日线；成分股缓存2026-09-28；价格增量更新2026-09-16起；目标日期窄窗口重试成功,,宏观指标_2026-09-30.md
2026-09-30,spx_breadth_200,标普500参与度>200日,42.1,百分比,-3.4pp,中性,2026-09-30,,情绪,成分股收盘>SMA200占比；有效501/503只；<20机会/>80风险；yfinance日线；成分股缓存2026-09-28；价格增量更新2026-09-16起；目标日期窄窗口重试成功,,宏观指标_2026-09-30.md
2026-09-30,spx_breadth_50,标普500参与度>50日,21.3,百分比,-4.2pp,中性,2026-09-30,,情绪,成分股收盘>SMA50占比；有效503/503只；<20机会/>80风险；yfinance日线；成分股缓存2026-09-28；价格增量更新2026-09-16起；目标日期窄窗口重试成功,,宏观指标_2026-09-30.md
2026-09-30,spx_rsi,标普500 RSI(14),48.12,点,,中性,2026-09-30,,情绪,日线 Wilder RSI(14)，yfinance,,宏观指标_2026-09-30.md
2026-09-30,t10y2y,10Y-2Y美债利差,0.41,百分点,+10.81%,中性,2026-09-30,,利率,FRED T10Y2Y，单位百分点,,宏观指标_2026-09-30.md
2026-09-30,t10yie,10年期通胀预期,2.36,百分比,+0.43%,中性,2026-09-30,,利率,FRED T10YIE，10Y breakeven，单位%,,宏观指标_2026-09-30.md
2026-09-30,tips_10y,10年期实际利率,2.91,百分比,+0.34%,风险,2026-09-29,1,利率,休市/未更新，停留1天，使用最近价格 2026-09-29；FRED DFII10，单位%；风险阈值>2.5%,,宏观指标_2026-09-30.md
2026-09-30,us_10y,10年期美债,5.29,百分比,-0.04%,风险,2026-09-30,,利率,CNBC/Tradeweb US10Y 实时市场数据，单位%；realTime=true,,宏观指标_2026-09-30.md
2026-09-30,us_2y,2年期美债,4.89,百分比,+0.00%,风险,2026-09-30,,利率,CNBC/Tradeweb US2Y 实时市场数据，单位%；realTime=true,,宏观指标_2026-09-30.md
2026-09-30,usdcny,美元兑人民币,6.703,人民币,-0.11%,中性,2026-09-30,,其他,yfinance CNY=X,,宏观指标_2026-09-30.md
2026-09-30,vix,VIX恐慌指数,16.34,点,+1.87%,中性,2026-09-30,,情绪,yfinance ^VIX（CBOE VIX）,,宏观指标_2026-09-30.md
2026-09-30,wti,WTI原油期货,90.46,美元,+1.21%,中性,2026-09-30,,其他,yfinance CL=F,,宏观指标_2026-09-30.md
2026-09-30,下次会议EFFR,下次会议EFFR,3.969,,-0.034%,中性,2026-09-30,,利率,"隐含加息0.4次，最大概率区间3.75 - 4.00（概率64.4%），5日累计变化历史快照不足，更新时间Sep 30, 2026 08:45PM EDT，日期2026-09-30",0.4,宏观指标_2026-09-30.md
2026-10-01,aaii,AAII指数,-11.9,百分点,+3.5pp,恐慌,2026-09-30,,情绪,本日更新（周结束2026-09-30，约美东2026-10-01发布）；划分理由：熊46.5%≥45→极端悲观；牛34.6%/中18.9%/熊46.5%；牛熊差-11.9pp（历史均值约+6.5）；差周环比+3.5pp；划分：熊≥45或差≤-15=恐慌，牛≥50或差≥20=贪婪，否则中性；综合评价时恐慌计偏机会、贪婪计偏风险；AAII周调查，一般美东周四上午发布（投票周四00:01–周三23:59 ET）；源=AAII官网,,宏观指标_2026-10-01.md
2026-10-01,btc,btc,84785.8,美元,+1.47%,中性,2026-10-02,,其他,yfinance BTC-USD 最新日线/盘中数据；目标日期2026-10-01无Yahoo日线，使用最新可得 2026-10-02,,宏观指标_2026-10-01.md
2026-10-01,cnn_fg,CNN 恐贪指数,28.09,点,,恐慌,2026-10-01,,情绪,CNN官方分级=恐慌（源rating=fear）,,宏观指标_2026-10-01.md
2026-10-01,copper,COMEX铜期货,6.584,美元,+0.38%,中性,2026-10-01,,其他,yfinance HG=F,,宏观指标_2026-10-01.md
2026-10-01,effr_ny,明年底EFFR,4.668,百分比,-0.141%,,2026-10-01,,利率,"隐含加息3.2次，最大概率区间4.50 - 4.75（概率28.9%），明显转鸽理由：单日下降14.1bp，超过10bp，5日累计变化历史快照不足，更新时间Oct 01, 2026 07:45PM EDT，日期2026-10-01",3.2,宏观指标_2026-10-01.md
2026-10-01,effr_year,年底EFFR,4.133,百分比,-0.038%,中性,2026-10-01,,利率,"隐含加息1.0次，最大概率区间4.00 - 4.25（概率60.5%），5日累计变化历史快照不足，更新时间Oct 01, 2026 07:45PM EDT，日期2026-10-01",1.0,宏观指标_2026-10-01.md
2026-10-01,etf_ndx,广发纳指ETF溢价率,13.7,百分比,+12.57%,中性,2026-09-30,1,情绪,休市/未更新，停留1天，使用最近价格 2026-09-30；HaoETF QDII 历史数据；每日收盘T-1日溢价率，单位%；<0提示机会；代码159941,,宏观指标_2026-10-01.md
2026-10-01,etf_spx,博时标普500ETF溢价率,9.85,百分比,+0.82%,中性,2026-09-30,1,情绪,休市/未更新，停留1天，使用最近价格 2026-09-30；HaoETF QDII 历史数据；每日收盘T-1日溢价率，单位%；<0提示机会；代码513500,,宏观指标_2026-10-01.md
2026-10-01,gold,COMEX黄金,4212.6,美元,+0.62%,中性,2026-10-01,,其他,yfinance GC=F,,宏观指标_2026-10-01.md
2026-10-01,hy_oas,高收益率利差,3.12,百分点,+1.30%,中性,2026-09-30,1,利率,休市/未更新，停留1天，使用最近价格 2026-09-30；FRED BAMLH0A0HYM2，单位百分点,,宏观指标_2026-10-01.md
2026-10-01,nasdaq_rsi,纳斯达克 RSI(14),56.63,点,,中性,2026-10-01,,情绪,日线 Wilder RSI(14)，yfinance,,宏观指标_2026-10-01.md
2026-10-01,ndx_breadth_20,纳斯达克100参与度>20日,44.6,百分比,-5.0pp,中性,2026-10-01,,情绪,成分股收盘>SMA20占比；有效101/101只；<20机会/>80风险；yfinance日线；成分股缓存2026-09-28；价格增量更新2026-09-17起；目标日期窄窗口重试成功,,宏观指标_2026-10-01.md
2026-10-01,ndx_breadth_200,纳斯达克100参与度>200日,55.6,百分比,+0.0pp,中性,2026-10-01,,情绪,成分股收盘>SMA200占比；有效99/101只；<20机会/>80风险；yfinance日线；成分股缓存2026-09-28；价格增量更新2026-09-17起；目标日期窄窗口重试成功,,宏观指标_2026-10-01.md
2026-10-01,ndx_breadth_50,纳斯达克100参与度>50日,44.6,百分比,-3.0pp,中性,2026-10-01,,情绪,成分股收盘>SMA50占比；有效101/101只；<20机会/>80风险；yfinance日线；成分股缓存2026-09-28；价格增量更新2026-09-17起；目标日期窄窗口重试成功,,宏观指标_2026-10-01.md
2026-10-01,spx_breadth_20,标普500参与度>20日,25.0,百分比,+2.2pp,中性,2026-10-01,,情绪,成分股收盘>SMA20占比；有效503/503只；<20机会/>80风险；yfinance日线；成分股缓存2026-09-28；价格增量更新2026-09-17起；目标日期窄窗口重试成功,,宏观指标_2026-10-01.md
2026-10-01,spx_breadth_200,标普500参与度>200日,43.7,百分比,+1.6pp,中性,2026-10-01,,情绪,成分股收盘>SMA200占比；有效501/503只；<20机会/>80风险；yfinance日线；成分股缓存2026-09-28；价格增量更新2026-09-17起；目标日期窄窗口重试成功,,宏观指标_2026-10-01.md
2026-10-01,spx_breadth_50,标普500参与度>50日,23.1,百分比,+1.8pp,中性,2026-10-01,,情绪,成分股收盘>SMA50占比；有效503/503只；<20机会/>80风险；yfinance日线；成分股缓存2026-09-28；价格增量更新2026-09-17起；目标日期窄窗口重试成功,,宏观指标_2026-10-01.md
2026-10-01,spx_rsi,标普500 RSI(14),49.6,点,,中性,2026-10-01,,情绪,日线 Wilder RSI(14)，yfinance,,宏观指标_2026-10-01.md
2026-10-01,t10y2y,10Y-2Y美债利差,0.46,百分点,+12.20%,中性,2026-10-01,,利率,FRED T10Y2Y，单位百分点,,宏观指标_2026-10-01.md
2026-10-01,t10yie,10年期通胀预期,2.36,百分比,+0.00%,中性,2026-10-01,,利率,FRED T10YIE，10Y breakeven，单位%,,宏观指标_2026-10-01.md
2026-10-01,tips_10y,10年期实际利率,2.93,百分比,+0.69%,风险,2026-09-30,1,利率,休市/未更新，停留1天，使用最近价格 2026-09-30；FRED DFII10，单位%；风险阈值>2.5%,,宏观指标_2026-10-01.md
2026-10-01,us_10y,10年期美债,5.25,百分比,+0.25%,风险,2026-10-01,,利率,CNBC/Tradeweb US10Y 实时市场数据，单位%；realTime=true,,宏观指标_2026-10-01.md
2026-10-01,us_2y,2年期美债,4.8,百分比,+0.23%,风险,2026-10-01,,利率,CNBC/Tradeweb US2Y 实时市场数据，单位%；realTime=true,,宏观指标_2026-10-01.md
2026-10-01,usdcny,美元兑人民币,6.7045,人民币,+0.02%,中性,2026-10-01,,其他,yfinance CNY=X,,宏观指标_2026-10-01.md
2026-10-01,vix,VIX恐慌指数,16.39,点,+0.31%,中性,2026-10-01,,情绪,yfinance ^VIX（CBOE VIX）,,宏观指标_2026-10-01.md
2026-10-01,wti,WTI原油期货,93.0,美元,+2.85%,中性,2026-10-01,,其他,yfinance CL=F,,宏观指标_2026-10-01.md
2026-10-01,下次会议EFFR,下次会议EFFR,3.949,,-0.020%,中性,2026-10-01,,利率,"隐含加息0.3次，最大概率区间3.75 - 4.00（概率72.4%），5日累计变化历史快照不足，更新时间Oct 01, 2026 07:45PM EDT，日期2026-10-01",0.3,宏观指标_2026-10-01.md
2026-10-02,cnn_fg,CNN 恐贪指数,31.17,点,,恐慌,2026-10-02,,情绪,CNN官方分级=恐慌（源rating=fear）,,宏观指标_2026-10-02.md
2026-10-02,etf_ndx,广发纳指ETF溢价率,13.7,百分比,+12.57%,中性,2026-09-30,1,情绪,休市/未更新，停留2天，使用最近价格 2026-09-30；HaoETF QDII 历史数据；每日收盘T-1日溢价率，单位%；<0提示机会；代码159941,,宏观指标_2026-10-02.md
2026-10-02,etf_spx,博时标普500ETF溢价率,9.85,百分比,+0.82%,中性,2026-09-30,1,情绪,休市/未更新，停留2天，使用最近价格 2026-09-30；HaoETF QDII 历史数据；每日收盘T-1日溢价率，单位%；<0提示机会；代码513500,,宏观指标_2026-10-02.md
2026-10-02,hy_oas,高收益率利差,3.24,百分点,+3.85%,中性,2026-10-01,1,利率,休市/未更新，停留1天，使用最近价格 2026-10-01；FRED BAMLH0A0HYM2，单位百分点,,宏观指标_2026-10-02.md
2026-10-02,ndx_breadth_20,纳斯达克100参与度>20日,44.6,百分比,-5.0pp,中性,2026-10-01,1,情绪,休市/未更新，停留1天，使用最近价格 2026-10-01；成分股收盘>SMA20占比；有效101/101只；<20机会/>80风险；yfinance日线；成分股缓存2026-09-28；价格增量更新2026-09-18起；价格更新失败，沿用缓存：yfinance breadth download empty,,宏观指标_2026-10-02.md
2026-10-02,ndx_breadth_200,纳斯达克100参与度>200日,55.6,百分比,+0.0pp,中性,2026-10-01,1,情绪,休市/未更新，停留1天，使用最近价格 2026-10-01；成分股收盘>SMA200占比；有效99/101只；<20机会/>80风险；yfinance日线；成分股缓存2026-09-28；价格增量更新2026-09-18起；价格更新失败，沿用缓存：yfinance breadth download empty,,宏观指标_2026-10-02.md
2026-10-02,ndx_breadth_50,纳斯达克100参与度>50日,44.6,百分比,-3.0pp,中性,2026-10-01,1,情绪,休市/未更新，停留1天，使用最近价格 2026-10-01；成分股收盘>SMA50占比；有效101/101只；<20机会/>80风险；yfinance日线；成分股缓存2026-09-28；价格增量更新2026-09-18起；价格更新失败，沿用缓存：yfinance breadth download empty,,宏观指标_2026-10-02.md
2026-10-02,spx_breadth_20,标普500参与度>20日,25.0,百分比,+2.2pp,中性,2026-10-01,1,情绪,休市/未更新，停留1天，使用最近价格 2026-10-01；成分股收盘>SMA20占比；有效503/503只；<20机会/>80风险；yfinance日线；成分股缓存2026-09-28；价格增量更新2026-09-18起；价格更新失败，沿用缓存：yfinance breadth download empty,,宏观指标_2026-10-02.md
2026-10-02,spx_breadth_200,标普500参与度>200日,43.7,百分比,+1.6pp,中性,2026-10-01,1,情绪,休市/未更新，停留1天，使用最近价格 2026-10-01；成分股收盘>SMA200占比；有效501/503只；<20机会/>80风险；yfinance日线；成分股缓存2026-09-28；价格增量更新2026-09-18起；价格更新失败，沿用缓存：yfinance breadth download empty,,宏观指标_2026-10-02.md
2026-10-02,spx_breadth_50,标普500参与度>50日,23.1,百分比,+1.8pp,中性,2026-10-01,1,情绪,休市/未更新，停留1天，使用最近价格 2026-10-01；成分股收盘>SMA50占比；有效503/503只；<20机会/>80风险；yfinance日线；成分股缓存2026-09-28；价格增量更新2026-09-18起；价格更新失败，沿用缓存：yfinance breadth download empty,,宏观指标_2026-10-02.md
2026-10-02,t10y2y,10Y-2Y美债利差,0.45,百分点,-2.17%,中性,2026-10-02,,利率,FRED T10Y2Y，单位百分点,,宏观指标_2026-10-02.md
2026-10-02,t10yie,10年期通胀预期,2.36,百分比,+0.00%,中性,2026-10-02,,利率,FRED T10YIE，10Y breakeven，单位%,,宏观指标_2026-10-02.md
2026-10-02,tips_10y,10年期实际利率,2.88,百分比,-1.71%,风险,2026-10-01,1,利率,休市/未更新，停留1天，使用最近价格 2026-10-01；FRED DFII10，单位%；风险阈值>2.5%,,宏观指标_2026-10-02.md
2026-10-02,us_10y,10年期美债,5.27,百分比,+0.75%,风险,2026-10-02,,利率,CNBC/Tradeweb US10Y 实时市场数据，单位%；realTime=true,,宏观指标_2026-10-02.md
2026-10-02,us_2y,2年期美债,4.83,百分比,+0.84%,风险,2026-10-02,,利率,CNBC/Tradeweb US2Y 实时市场数据，单位%；realTime=true,,宏观指标_2026-10-02.md
