date,text,source
2026-09-13,"风险：10年期实际利率(TIPS), US_10y；机会：无；抓取失败：无。 休市/未更新：10年期实际利率(TIPS), 高收益债信用利差, US_2y，已使用最近可得数据，停留时间见备注。 |指标|数值|涨跌幅|日期|情绪|备注| |---|---:|---:|---|---|---| |CNN 恐贪指数|33.34||2026-09-11|中性|CNN官方分类=fear；本表情绪按分数阈值<25机会/>75风险| |标普500 RSI(14)|49.99||2026-09-11|中性|日线 Wilder RSI(14)，yfinance| |纳斯达克 RSI(14)|51.82||2026-09-11|中性|日线 Wilder RSI(14)，yfinance| |10Y-2Y美债利差|0.33|-15.38%|2026-09-11|中性|FRED T10Y2Y，单位百分点| |10年期实际利率(TIPS)|2.55|+3.66%|2026-09-10|风险|休市/未更新，停留1天，使用最近价格 2026-09-10；FRED DFII10，单位%；风险阈值>2.5%| |高收益债信用利差|2.7|-0.37%|2026-09-10|中性|休市/未更新，停留1天，使用最近价格 2026-09-10；FRED BAMLH0A0HYM2，单位百分点| |VIX恐慌指数|15.84|-11.21%|2026-09-11|中性|yfinance ^VIX（CBOE VIX）| |WTI原油期货|100.05|-2.37%|2026-09-11|中性|yfinance CL=F| |COMEX黄金|4366.2|+0.04%|2026-09-11|中性|yfinance GC=F| |COMEX铜期货|6.4695|+0.04%|2026-09-11|中性|yfinance HG=F| |美元兑人民币|6.7061|-0.07%|2026-09-11|中性|yfinance CNY=X| |US_10y|4.97|+0.63%|2026-09-11|风险|yfinance ^TNX；风险阈值>4.5%| |US_2y|4.56|+2.93%|2026-09-10|中性|休市/未更新，停留1天，使用最近价格 2026-09-10；FRED DGS2，单位%| |btc|77225.7|+0.86%|2026-09-11|中性|Binance BTCUSDT 日K（data.binance.vision）|",宏观指标_2026-09-11.md
2026-09-14,"风险：10年期实际利率(TIPS), US_10y；机会：无；抓取失败：无。 休市/未更新：10年期实际利率(TIPS), 高收益债信用利差，已使用最近可得数据，停留时间见备注。 |指标|数值|涨跌幅|日期|情绪|备注| |---|---:|---:|---|---|---| |CNN 恐贪指数|31.06||2026-09-14|中性|CNN官方分类=fear；本表情绪按分数阈值<25机会/>75风险| |标普500 RSI(14)|46.84||2026-09-14|中性|日线 Wilder RSI(14)，yfinance| |纳斯达克 RSI(14)|48.99||2026-09-14|中性|日线 Wilder RSI(14)，yfinance| |博时标普500ETF溢价率|8.22|-11.90%|2026-09-14|中性|HaoETF QDII 历史数据；每日收盘T-1日溢价率，单位%；<0提示机会；代码513500| |广发纳指ETF溢价率|9.38|-16.77%|2026-09-14|中性|HaoETF QDII 历史数据；每日收盘T-1日溢价率，单位%；<0提示机会；代码159941| |10Y-2Y美债利差|0.32|-3.03%|2026-09-14|中性|FRED T10Y2Y，单位百分点| |10年期实际利率(TIPS)|2.6|+1.96%|2026-09-11|风险|休市/未更新，停留3天，使用最近价格 2026-09-11；FRED DFII10，单位%；风险阈值>2.5%| |高收益债信用利差|2.65|-1.85%|2026-09-11|中性|休市/未更新，停留3天，使用最近价格 2026-09-11；FRED BAMLH0A0HYM2，单位百分点| |VIX恐慌指数|17.1|+7.95%|2026-09-14|中性|yfinance ^VIX（CBOE VIX）| |WTI原油期货|102.77|+2.72%|2026-09-14|中性|yfinance CL=F| |COMEX黄金|4349.3|-1.35%|2026-09-14|中性|yfinance GC=F| |COMEX铜期货|6.394|-1.17%|2026-09-14|中性|yfinance HG=F| |美元兑人民币|6.708|+0.03%|2026-09-14|中性|yfinance CNY=X| |US_10y|4.96|-0.28%|2026-09-14|风险|yfinance ^TNX；风险阈值>4.5%| |US_2y|4.67|+0.71%|2026-09-14|中性|CNBC/Tradeweb US2Y 实时市场数据，单位%；realTime=true| |btc|77856.44|+1.33%|2026-09-15|中性|yfinance BTC-USD 最新日线/盘中数据；目标日期2026-09-14无Yahoo日线，使用最新可得 2026-09-15|",宏观指标_2026-09-14.md
2026-09-15,"风险：10年期实际利率(TIPS), US_10y；机会：WTI原油期货, COMEX铜期货；抓取失败：无。 休市/未更新：10年期实际利率(TIPS), 高收益债信用利差，已使用最近可得数据，停留时间见备注。 |指标|数值|涨跌幅|日期|情绪|备注| |---|---:|---:|---|---|---| |CNN 恐贪指数|28.66||2026-09-15|中性|CNN官方分类=fear；本表情绪按分数阈值<25机会/>75风险| |标普500 RSI(14)|44.07||2026-09-15|中性|日线 Wilder RSI(14)，yfinance| |纳斯达克 RSI(14)|45.27||2026-09-15|中性|日线 Wilder RSI(14)，yfinance| |博时标普500ETF溢价率|8.17|-0.61%|2026-09-15|中性|HaoETF QDII 历史数据；每日收盘T-1日溢价率，单位%；<0提示机会；代码513500| |广发纳指ETF溢价率|10.16|+8.32%|2026-09-15|中性|HaoETF QDII 历史数据；每日收盘T-1日溢价率，单位%；<0提示机会；代码159941| |10Y-2Y美债利差|0.33|+3.13%|2026-09-15|中性|FRED T10Y2Y，单位百分点| |10年期实际利率(TIPS)|2.6|+0.00%|2026-09-14|风险|休市/未更新，停留1天，使用最近价格 2026-09-14；FRED DFII10，单位%；风险阈值>2.5%| |高收益债信用利差|2.71|+2.26%|2026-09-14|中性|休市/未更新，停留1天，使用最近价格 2026-09-14；FRED BAMLH0A0HYM2，单位百分点| |VIX恐慌指数|17.2|+0.58%|2026-09-15|中性|yfinance ^VIX（CBOE VIX）| |WTI原油期货|105.35|+3.91%|2026-09-15|机会|yfinance CL=F| |COMEX黄金|4324.4|-0.63%|2026-09-15|中性|yfinance GC=F| |COMEX铜期货|6.4605|+2.06%|2026-09-15|机会|yfinance HG=F| |美元兑人民币|6.7082|+0.00%|2026-09-15|中性|yfinance CNY=X| |US_10y|5.0|+0.71%|2026-09-15|风险|yfinance ^TNX；风险阈值>4.5%| |US_2y|4.66|-0.17%|2026-09-15|中性|CNBC/Tradeweb US2Y 实时市场数据，单位%；realTime=true| |btc|75577.03|-3.31%|2026-09-16|中性|yfinance BTC-USD 最新日线/盘中数据；目标日期2026-09-15无Yahoo日线，使用最新可得 2026-09-16|",宏观指标_2026-09-15.md
2026-09-16,"风险：10年期实际利率(TIPS), WTI原油期货, US_10y；机会：无；抓取失败：无。 休市/未更新：10年期实际利率(TIPS), 高收益债信用利差，已使用最近可得数据，停留时间见备注。 |指标|数值|涨跌幅|日期|情绪|备注| |---|---:|---:|---|---|---| |CNN 恐贪指数|26.49||2026-09-16|中性|CNN官方分类=fear；本表情绪按分数阈值<25机会/>75风险| |标普500 RSI(14)|41.44||2026-09-16|中性|日线 Wilder RSI(14)，yfinance| |纳斯达克 RSI(14)|45.21||2026-09-16|中性|日线 Wilder RSI(14)，yfinance| |博时标普500ETF溢价率|9.51|+16.40%|2026-09-16|中性|HaoETF QDII 历史数据；每日收盘T-1日溢价率，单位%；<0提示机会；代码513500| |广发纳指ETF溢价率|11.61|+14.27%|2026-09-16|中性|HaoETF QDII 历史数据；每日收盘T-1日溢价率，单位%；<0提示机会；代码159941| |10Y-2Y美债利差|0.27|-18.18%|2026-09-16|中性|FRED T10Y2Y，单位百分点| |10年期实际利率(TIPS)|2.62|+0.77%|2026-09-15|风险|休市/未更新，停留1天，使用最近价格 2026-09-15；FRED DFII10，单位%；风险阈值>2.5%| |高收益债信用利差|2.76|+1.85%|2026-09-15|中性|休市/未更新，停留1天，使用最近价格 2026-09-15；FRED BAMLH0A0HYM2，单位百分点| |VIX恐慌指数|17.71|+2.97%|2026-09-16|中性|yfinance ^VIX（CBOE VIX）| |WTI原油期货|101.67|-3.93%|2026-09-16|风险|yfinance CL=F| |COMEX黄金|4313.3|-0.45%|2026-09-16|中性|yfinance GC=F| |COMEX铜期货|6.4595|+1.43%|2026-09-16|中性|yfinance HG=F| |美元兑人民币|6.7112|+0.04%|2026-09-16|中性|yfinance CNY=X| |US_10y|5.01|+0.20%|2026-09-16|风险|yfinance ^TNX；风险阈值>4.5%| |US_2y|4.72|-0.06%|2026-09-16|中性|CNBC/Tradeweb US2Y 实时市场数据，单位%；realTime=true| |btc|76164.49|+0.73%|2026-09-17|中性|yfinance BTC-USD 最新日线/盘中数据；目标日期2026-09-16无Yahoo日线，使用最新可得 2026-09-17|",宏观指标_2026-09-16.md
2026-09-17,"风险：10年期实际利率(TIPS), US_10y；机会：COMEX铜期货；抓取失败：无。 休市/未更新：10年期实际利率(TIPS), 高收益债信用利差，已使用最近可得数据，停留时间见备注。 |指标|数值|涨跌幅|日期|情绪|备注| |---|---:|---:|---|---|---| |CNN 恐贪指数|28.69||2026-09-17|中性|CNN官方分类=fear；本表情绪按分数阈值<25机会/>75风险| |标普500 RSI(14)|49.62||2026-09-17|中性|日线 Wilder RSI(14)，yfinance| |纳斯达克 RSI(14)|53.92||2026-09-17|中性|日线 Wilder RSI(14)，yfinance| |博时标普500ETF溢价率|9.99|+5.05%|2026-09-17|中性|HaoETF QDII 历史数据；每日收盘T-1日溢价率，单位%；<0提示机会；代码513500| |广发纳指ETF溢价率|12.27|+5.68%|2026-09-17|中性|HaoETF QDII 历史数据；每日收盘T-1日溢价率，单位%；<0提示机会；代码159941| |10Y-2Y美债利差|0.27|+0.00%|2026-09-17|中性|FRED T10Y2Y，单位百分点| |10年期实际利率(TIPS)|2.68|+2.29%|2026-09-16|风险|休市/未更新，停留1天，使用最近价格 2026-09-16；FRED DFII10，单位%；风险阈值>2.5%| |高收益债信用利差|2.7|-2.17%|2026-09-16|中性|休市/未更新，停留1天，使用最近价格 2026-09-16；FRED BAMLH0A0HYM2，单位百分点| |VIX恐慌指数|15.44|-12.82%|2026-09-17|中性|yfinance ^VIX（CBOE VIX）| |WTI原油期货|101.0|-1.40%|2026-09-17|中性|yfinance CL=F| |COMEX黄金|4386.7|-0.02%|2026-09-17|中性|yfinance GC=F| |COMEX铜期货|6.623|+2.98%|2026-09-17|机会|yfinance HG=F| |美元兑人民币|6.706|-0.08%|2026-09-17|中性|yfinance CNY=X| |US_10y|4.95|-1.18%|2026-09-17|风险|yfinance ^TNX；风险阈值>4.5%| |US_2y|4.69|-0.04%|2026-09-17|中性|CNBC/Tradeweb US2Y 实时市场数据，单位%；realTime=true| |btc|76642.9|+0.65%|2026-09-18|中性|yfinance BTC-USD 最新日线/盘中数据；目标日期2026-09-17无Yahoo日线，使用最新可得 2026-09-18|",宏观指标_2026-09-17.md
2026-09-20,"风险：10年期实际利率(TIPS), US_10y, US_2y；机会：无；CNN官方=恐慌；抓取失败：无。 休市/未更新：10年期实际利率(TIPS), 高收益债信用利差，已使用最近可得数据，停留时间见备注。",宏观指标_2026-09-18.md
2026-09-21,"风险：10年期实际利率(TIPS), WTI原油期货, US_10y, US_2y；机会：COMEX铜期货, btc；CNN官方=恐慌；抓取失败：无。 休市/未更新：标普参与度>20日, 标普参与度>50日, 标普参与度>200日, 纳指100参与度>20日, 纳指100参与度>50日, 纳指100参与度>200日, 10年期实际利率(TIPS), 高收益债信用利差，已使用最近可得数据，停留时间见备注。",宏观指标_2026-09-21.md
2026-09-22,"风险：10年期实际利率(TIPS), WTI原油期货, US_10y；机会：COMEX铜期货；CNN官方=恐慌；抓取失败：US_2y。 休市/未更新：标普参与度>20日, 标普参与度>50日, 标普参与度>200日, 纳指100参与度>20日, 纳指100参与度>50日, 纳指100参与度>200日, 10年期实际利率(TIPS), 高收益债信用利差，已使用最近可得数据，停留时间见备注。",宏观指标_2026-09-22.md
2026-09-23,"风险：10年期实际利率(TIPS), US_10y, US_2y；机会：无；CNN官方=恐慌；抓取失败：标普参与度>20日, 标普参与度>50日, 标普参与度>200日, 纳指100参与度>20日, 纳指100参与度>50日, 纳指100参与度>200日。 休市/未更新：10年期实际利率(TIPS), 高收益债信用利差，已使用最近可得数据，停留时间见备注。",宏观指标_2026-09-23.md
2026-09-24,"风险：10年期实际利率(TIPS), US_10y, US_2y；机会：无；CNN官方=恐慌；抓取失败：标普参与度>20日, 标普参与度>50日, 标普参与度>200日, 纳指100参与度>20日, 纳指100参与度>50日, 纳指100参与度>200日。 休市/未更新：10年期实际利率(TIPS), 高收益债信用利差，已使用最近可得数据，停留时间见备注。",宏观指标_2026-09-24.md
2026-09-26,情绪指标：CNN仍处恐慌区间；AAII散户情绪偏悲观；VIX恐慌指数单日波动较大（-5.11%）；博时标普500ETF溢价率单日波动较大（-7.61%）。 利率指标：10年美债收益率偏高，估值压力仍在；实际利率偏高，对风险资产不友好；2年期美债偏高，短端仍反映紧缩预期；10Y-2Y美债利差单日波动较大（+16.13%）；下月约隐含加息0.7次；年底约隐含加息1.4次；明年底约隐含加息3.5次。 价格指标：主要价格指标没有明显异常波动。,宏观指标_2026-09-25.md
2026-09-27,情绪指标：CNN仍处恐慌区间；AAII散户情绪偏悲观；VIX恐慌指数单日波动较大（-5.11%）；博时标普500ETF溢价率单日波动较大（-7.61%）。 利率指标：10年美债收益率偏高，估值压力仍在；实际利率偏高，对风险资产不友好；2年期美债偏高，短端仍反映紧缩预期；10Y-2Y美债利差单日波动较大（+16.13%）；下月约隐含加息0.7次；年底约隐含加息1.4次；明年底约隐含加息3.5次。 价格指标：主要价格指标没有明显异常波动。,宏观指标_2026-09-25.md
2026-09-28,情绪指标：CNN仍处恐慌区间；AAII散户情绪偏悲观；VIX恐慌指数单日波动较大（+8.07%）；广发纳指ETF溢价率单日波动较大（-5.68%）。 利率指标：10年美债收益率偏高，估值压力仍在；实际利率偏高，对风险资产不友好；2年期美债偏高，短端仍反映紧缩预期；10Y-2Y美债利差单日波动较大（-11.11%）；下月约隐含加息0.7次；年底约隐含加息1.5次；明年底约隐含加息3.8次。 价格指标：COMEX黄金处于风险区间。,宏观指标_2026-09-28.md
2026-09-29,情绪指标：CNN仍处恐慌区间；AAII散户情绪偏悲观；博时标普500ETF溢价率单日波动较大（+7.60%）；广发纳指ETF溢价率单日波动较大（+14.60%）。 利率指标：10年美债收益率偏高，估值压力仍在；实际利率偏高，对风险资产不友好；2年期美债偏高，短端仍反映紧缩预期；10Y-2Y美债利差单日波动较大（+15.62%）；下月约隐含加息0.5次；年底约隐含加息1.3次；明年底约隐含加息3.6次。 价格指标：WTI原油期货处于风险区间；COMEX黄金处于风险区间。,宏观指标_2026-09-29.md
