date,company,ticker,filed_raw,filed_bj,accession,title,summary,url,source
2026-09-09,腾讯控股有限公司 (00700.HK),00700.HK,09/09/2026 17:27,2026-09-09 17:27,HKEX,翌日披露报表 - 已发行股份变动及股份回购,"2026年9月9日在香港联交所回购231,000股，最高价HKD 438.2，最低价HKD 432.8，支付总额HKD 100,431,292.5。2026年9月9日因2023年购股权计划行使购股权发行新股749股，占比0.00001%，每股发行价HKD 276.01。截至2026年9月9日，已发行股份总数为9,103,161,440股。",https://www1.hkexnews.hk/listedco/listconews/sehk/2026/0909/2026090900577_c.pdf,美港股公告 2026-09-09.md
2026-09-09,"AMAZON COM INC (AMZN, CIK 0001018724)",AMZN,2026-09-09,2026-09-09,0001018724-26-000036,任命 Kevin R. Mandia 为董事,"2026年9月8日，亚马逊公司董事会选举 Kevin R. Mandia 为公司董事，并任命其为审计委员会和安全委员会成员。Mandia 获得了 4,086 股限制性股票单位奖励，分三年逐步归属。",https://www.sec.gov/Archives/edgar/data/1018724/000101872426000036/amzn-20260908.htm,美港股公告 2026-09-09.md
2026-09-10,腾讯控股有限公司 (00700.HK),00700.HK,10/09/2026 17:48,2026-09-10 17:48,HKEX,翌日披露报表,"2026年9月10日在香港联交所回购235,000股，最高价HKD 430.2，最低价HKD 425.2，支付总额HKD 100,259,154.5。 截至2026年9月10日，已发行股份总数为9,103,161,440股。",https://www1.hkexnews.hk/listedco/listconews/sehk/2026/0910/2026091000958_c.pdf,美港股公告 2026-09-10.md
2026-09-10,Adobe Inc.,ADBE,2026-09-10,2026-09-10,0000796343-26-000147,Adobe 发布 FY26 Q3 财报,"总营收：$6.76 billion（同比增长 13%） 分部营收： 订阅收入：$6.58 billion 产品收入：$0.067 billion 服务及其他收入：$0.111 billion 毛利率： GAAP：88.8% non-GAAP：原文未披露 净利润 / EPS： GAAP 净利润：$1.83 billion GAAP EPS：$4.62 non-GAAP 净利润：$2.42 billion non-GAAP EPS：$6.13 经营性现金流：$2.52 billion / 自由现金流：原文未披露 / 资本开支：$0.085 billion 回购与分红：回购约 9.5 million 股 下季度指引： 总营收：$6.80 billion to $6.85 billion 商业专业人士与消费者订阅收入：$1.93 billion to $1.95 billion 创意与营销专业人士订阅收入：$4.665 billion to $4.695 billion GAAP EPS：$4.65 to $4.70 non-GAAP EPS：$6.30 to $6.35 管理层对业绩变化的归因：“Adobe delivered record Q3 results, reflecting the strength of our AI innovation, expanding customer reach and leadership across creativity, productivity and customer experience.”",,美港股公告 2026-09-10.md
2026-09-10,"NIKE, Inc.",NKE,2026-09-10,2026-09-10,0000320187-26-000143,"NIKE, Inc. 员工股票购买计划获得股东批准","2026年7月15日，NIKE, Inc. 董事会通过了员工股票购买计划的修订，增加了1,600万股的发行授权。该计划在2026年9月8日的年度股东大会上获得股东批准。",https://www.sec.gov/Archives/edgar/data/320187/000032018726000143/nke-20260908.htm,美港股公告 2026-09-10.md
2026-09-10,ORACLE CORP (ORCL),ORCL,2026-09-10,2026-09-10,0001193125-26-387905,Oracle 发布 FY27 Q1 财报,总营收：$19.3 billion（同比增长30%） 分部营收： Cloud：$11.6 billion（同比增长62%） Software：$5.5 billion（同比下降3%） Hardware：$0.8 billion（同比增长15%） Services：$1.4 billion（同比增长5%） 毛利率： GAAP：35% non-GAAP：42% 净利润 / EPS： GAAP净利润：$4.7 billion GAAP EPS：$1.56 non-GAAP净利润：$5.8 billion non-GAAP EPS：$1.92 经营性现金流：$23 billion / 自由现金流：-$5 billion / 资本开支：-$28.5 billion 回购与分红：每股现金分红$0.50 下季度指引： 总营收预计增长30%至34% 总云收入预计增长64%至70% non-GAAP每股收益预计在$1.83至$1.91之间 管理层对业绩变化的归因：强劲的云基础设施和云应用需求推动了收入增长。,,美港股公告 2026-09-10.md
2026-09-11,腾讯控股有限公司 (00700.HK),00700.HK,11/09/2026 17:30,2026-09-11 17:30,HKEX,翌日披露报表,"2026年9月11日在香港联交所回购235,000股，最高价HKD 430.4，最低价HKD 419.4，支付总额HKD 100,454,909.5。 截至2026年9月11日，已发行股份总数为9,103,161,440股。",https://www1.hkexnews.hk/listedco/listconews/sehk/2026/0911/2026091100841_c.pdf,美港股公告 2026-09-11.md
2026-09-11,"Sandisk Corp (SNDK, CIK 0002023554)",SNDK,2026-09-11T16:15:07.000Z,2026-09-12 00:15,0001193125-26-389293,Sandisk Corporation签署贷款协议修订,"2026年9月9日，Sandisk Corporation与Sandisk Technologies, Inc.及其他金融机构签署了贷款协议的修订，提供15亿美元的循环信贷额度。该信贷额度将于2031年到期，并包括对公司资产的担保。",https://www.sec.gov/Archives/edgar/data/2023554/000119312526389293/d138343d8k.htm,美港股公告 2026-09-11.md
2026-09-11,Tencent Music Entertainment Group,TME,2026-09-10T19:02:35.000Z,2026-09-11 03:02,0001193125-26-388222,"Tencent Music Entertainment Group Announces Closing of US$1,000 Million Notes Offering",腾讯音乐娱乐集团成功完成10亿美元的高级无担保票据发行。此次发行包括5.050%和5.650%的票据，预计将在香港交易所上市。公司计划将净收益用于一般企业用途，包括海外债务再融资和股票回购。 重大：true,https://www.sec.gov/Archives/edgar/data/1744676/000119312526388222/d127461d6k.htm,美港股公告 2026-09-11.md
2026-09-11,Tencent Music Entertainment Group,TME,2026-09-11T06:02:52.000Z,2026-09-11 14:02,0001193125-26-388551,FORM 6-K,腾讯音乐娱乐集团于2026年9月10日与纽约梅隆银行签署了第一补充契约。该契约涉及5.050%和5.650%的债券，分别到期于2031年和2036年。此报告的相关文件已纳入注册声明中。 重大：true,https://www.sec.gov/Archives/edgar/data/1744676/000119312526388551/d548784d6k.htm,美港股公告 2026-09-11.md
2026-09-14,腾讯控股有限公司 (00700.HK),00700.HK,14/09/2026 17:45,2026-09-14 17:45,HKEX,翌日披露报表 - 已发行股份变动及股份回购,"2026年9月14日在香港联交所回购233,000股，最高价HKD 435.2，最低价HKD 423.8，支付总额HKD 100,282,128.2。 2026年9月14日因2023年购股权计划行使购股权发行新股879股，占比0.00001%，每股发行价HKD 277.38。 截至2026年9月14日，已发行股份总数为9,103,162,319股。",https://www1.hkexnews.hk/listedco/listconews/sehk/2026/0914/2026091400707_c.pdf,美港股公告 2026-09-14.md
2026-09-14,AMAZON COM INC,AMZN,2026-09-14T16:45:41.000Z,2026-09-15 00:45,0001104659-26-107526,亚马逊完成多笔债券发行,2026年9月14日，亚马逊公司完成了总额为42.42亿英镑的债券发行，包括2029年到期的5.200%债券、2032年到期的5.550%债券、2038年到期的6.250%债券和2045年到期的6.650%债券。预计发行净收益约为42.35亿英镑。,https://www.sec.gov/Archives/edgar/data/1018724/000110465926107526/tm2624614d5_8k.htm,美港股公告 2026-09-14.md
2026-09-14,"Strategy Inc (MSTR, CIK 0001050446)",MSTR,2026-09-14T08:00:16.000Z,2026-09-14 16:00,0001193125-26-389858,公司更新其股票回购和比特币持有情况,"2026年9月14日，Strategy Inc宣布在2026年9月8日至9月13日期间未进行任何股票销售或比特币交易。截至2026年9月13日，公司持有约845,050个比特币，累计购买价格为637.3亿美元。",https://www.sec.gov/Archives/edgar/data/1050446/000119312526389858/mstr-20260914.htm,美港股公告 2026-09-14.md
2026-09-14,"ORACLE CORP (ORCL, CIK 0001341439)",ORCL,2026-09-14T06:01:59.000Z,2026-09-14 14:01,0001193125-26-389753,拉里·埃里森取消出售甲骨文股票的计划,2026年9月12日，甲骨文公司宣布，执行董事会主席兼首席技术官拉里·埃里森取消了其10b5-1计划以出售甲骨文股票。在计划终止之前，没有出售任何甲骨文股票。,https://www.sec.gov/Archives/edgar/data/1341439/000119312526389753/d20034d8k.htm,美港股公告 2026-09-14.md
2026-09-15,腾讯控股有限公司 (00700.HK),00700.HK,15/09/2026 17:36,2026-09-15 17:36,HKEX,翌日披露报表 - 已发行股份变动及股份回购,"2026年9月15日在香港联交所回购229,000股，最高价HKD 445.8，最低价HKD 428，支付总额HKD 100,673,827.3。 2026年9月15日因2023年购股权计划行使购股权发行新股2,952股，占比0.00003%，每股发行价HKD 297.42。 截至2026年9月15日，已发行股份总数为9,095,085,271股。",https://www1.hkexnews.hk/listedco/listconews/sehk/2026/0915/2026091500668_c.pdf,美港股公告 2026-09-15.md
2026-09-16,腾讯控股有限公司 (00700.HK),00700.HK,16/09/2026 17:51,2026-09-16 17:51,HKEX,翌日披露报表 - 已发行股份变动及股份回购,"2026年9月16日在香港联交所回购231,000股，最高价HKD 438.8，最低价HKD 432.8，支付总额HKD 100,448,848.5。 2026年9月16日因2023年购股权计划行使购股权发行新股722股，占比0.00001%，每股发行价HKD 292.08。 截至2026年9月16日，已发行股份总数为9,095,085,993股。",https://www1.hkexnews.hk/listedco/listconews/sehk/2026/0916/2026091600814_c.pdf,美港股公告 2026-09-16.md
2026-09-16,"NIKE, Inc.",NKE,2026-09-16T16:21:31.000Z,2026-09-17 00:21,0000320187-26-000170,任命新董事,"2026年9月15日，NIKE, Inc.董事会将董事会成员增加至12名，并立即任命Alexandre Arnault为公司董事，任期至2027年年度股东大会。Arnault将参与公司的标准董事薪酬计划，并获得价值20万美元的限制性股票奖励。",https://www.sec.gov/Archives/edgar/data/320187/000032018726000170/nke-20260915.htm,美港股公告 2026-09-16.md
2026-09-16,"Sandisk Corp (SNDK, CIK 0002023554)",SNDK,2026-09-16T16:24:55.000Z,2026-09-17 00:24,0001628280-26-062267,高管薪酬调整,"2026年9月10日，Sandisk Corporation的薪酬与人才委员会批准了首席技术官Alper Ilkbahar和首席法律官Bernard Shek的薪酬调整，调整自2026年10月1日起生效。Ilkbahar的年薪为755,000美元，Shek的年薪为618,000美元。",https://www.sec.gov/Archives/edgar/data/2023554/000162828026062267/sndk-20260910.htm,美港股公告 2026-09-16.md
2026-09-17,腾讯控股有限公司 (00700.HK),00700.HK,17/09/2026 17:29,2026-09-17 17:29,HKEX,翌日披露报表,"2026年9月17日在香港联交所回购235,000股，最高价HKD 431，最低价HKD 425.2，支付总额HKD 100,276,027.5。 截至2026年9月17日，已发行股份总数为9,095,085,993股。",https://www1.hkexnews.hk/listedco/listconews/sehk/2026/0917/2026091701048_c.pdf,美港股公告 2026-09-17.md
2026-09-18,腾讯控股有限公司 (00700.HK),00700.HK,18/09/2026 17:42,2026-09-18 17:42,HKEX,翌日披露报表,"2026年9月18日在香港联交所回购237,000股，最高价HKD 430.2，最低价HKD 425.2，支付总额HKD 100,452,734.4。 截至2026年9月18日，已发行股份总数为9,095,085,993股。",https://www1.hkexnews.hk/listedco/listconews/sehk/2026/0918/2026091800945_c.pdf,美港股公告 2026-09-18.md
2026-09-19,腾讯控股有限公司 (00700.HK),00700.HK,18/09/2026 17:42,2026-09-18 17:42,HKEX,翌日披露报表,"2026年9月18日在香港联交所回购237,000股，最高价HKD 430.2，最低价HKD 425.2，支付总额HKD 100,452,734.4。 截至2026年9月18日，已发行股份总数为9,095,085,993股。",https://www1.hkexnews.hk/listedco/listconews/sehk/2026/0918/2026091800945_c.pdf,美港股公告 2026-09-19.md
2026-09-21,腾讯控股有限公司 (00700.HK),00700.HK,21/09/2026 17:52,2026-09-21 17:52,HKEX,翌日披露报表 - 已发行股份变动及股份回购,"2026年9月21日在香港联交所回购235,000股，最高价HKD 434.2，最低价HKD 423.2，支付总额HKD 100,536,266.5。 2026年9月21日因2023年购股权计划行使购股权发行新股700股，占比0.00001%，每股发行价HKD 284.99。 截至2026年9月21日，已发行股份总数为9,095,086,693股。",https://www1.hkexnews.hk/listedco/listconews/sehk/2026/0921/2026092100964_c.pdf,美港股公告 2026-09-21.md
2026-09-21,"Strategy Inc (MSTR, CIK 0001050446)",MSTR,2026-09-21T08:00:13.000Z,2026-09-21 16:00,0001193125-26-396093,公司更新其比特币持有和股票回购计划,2026年9月21日，Strategy Inc宣布在2026年9月14日至9月20日期间未通过其市场销售计划出售任何股票。同时，公司在此期间购买了950个比特币，累计购买价格为7570万美元，并回购了177万1238股可变利率系列A永久性伸展优先股，累计购买价格为1.74亿美元。,https://www.sec.gov/Archives/edgar/data/1050446/000119312526396093/mstr-20260914.htm,美港股公告 2026-09-21.md
2026-09-22,腾讯控股有限公司 (00700.HK),00700.HK,22/09/2026 17:19,2026-09-22 17:19,HKEX,翌日披露报表 - 已发行股份变动及股份回购,"2026年9月22日在香港联交所回购223,000股，最高价HKD 450.8，最低价HKD 442.8，支付总额HKD 100,270,589.7。 2026年9月22日因2023年购股权计划行使购股权发行新股41,136股，占比0.00045%，每股发行价HKD 301.31。 截至2026年9月22日，已发行股份总数为9,095,127,829股。",https://www1.hkexnews.hk/listedco/listconews/sehk/2026/0922/2026092200648_c.pdf,美港股公告 2026-09-22.md
2026-09-22,"Circle Internet Group, Inc.",CRCL,2026-09-22T06:54:27.000Z,2026-09-22 14:54,0001876042-26-000276,与币安扩展商业安排,"2026年9月17日，Circle的某些子公司与币安达成协议，扩展双方现有的战略合作关系，涉及通过Circle的模块化智能合约钱包基础设施服务推广USDC。协议的期限为五年。此外，Circle还与币安签署了认购协议，向其发行并出售1,237,011股A类普通股，筹集总额为1亿美元。",https://www.sec.gov/Archives/edgar/data/1876042/000187604226000276/crcl-20260917.htm,美港股公告 2026-09-22.md
2026-09-23,腾讯控股有限公司 (00700.HK),00700.HK,23/09/2026 18:45,2026-09-23 18:45,HKEX,翌日披露报表 - 已发行股份变动及股份回购,"2026年9月23日在香港联交所回购227,000股，最高价HKD 453.6，最低价HKD 438.8，支付总额HKD 100,413,563.5。 2026年9月23日因2023年购股权计划行使购股权发行新股5,280股，占比0.00006%，每股发行价HKD 313.49。 截至2026年9月23日，已发行股份总数为9,095,133,109股。",https://www1.hkexnews.hk/listedco/listconews/sehk/2026/0923/2026092301244_c.pdf,美港股公告 2026-09-23.md
2026-09-23,MCDONALDS CORP,MCD,2026-09-23T08:01:21.000Z,2026-09-23 16:01,0000063908-26-000076,发布新目标以推进 McDonald’s > NEXT 战略,2026年9月23日，公司发布投资者公告，宣布新的目标以推进其 McDonald’s > NEXT 战略。公告中提到将设定增长和生产力目标，以提高市场份额、增加餐厅效率和扩展运营利润率。,https://www.sec.gov/Archives/edgar/data/63908/000006390826000076/mcd-20260923.htm,美港股公告 2026-09-23.md
2026-09-24,腾讯控股有限公司 (00700.HK),00700.HK,24/09/2026 17:40,2026-09-24 17:40,HKEX,翌日披露报表,"2026年9月24日在香港联交所回购230,000股，最高价HKD 439.6，最低价HKD 433.4，支付总额HKD 100,528,193。 截至2026年9月24日，已发行股份总数为9,095,133,109股。",https://www1.hkexnews.hk/listedco/listconews/sehk/2026/0924/2026092401334_c.pdf,美港股公告 2026-09-24.md
2026-09-24,腾讯控股有限公司 (00700.HK),00700.HK,24/09/2026 18:28,2026-09-24 18:28,HKEX,董事會會議召開日期,公告及通告 - [董事會召開日期],https://www1.hkexnews.hk/listedco/listconews/sehk/2026/0924/2026092401586_c.pdf,美港股公告 2026-09-24.md
2026-09-24,TAIWAN SEMICONDUCTOR MANUFACTURING CO LTD,TSM,2026-09-24T06:02:44.000Z,2026-09-24 14:02,0001046179-26-000660,REPORT OF FOREIGN PRIVATE ISSUER,"TSMC 报告了董事会成员和高管的持股变动及其股东的股份质押情况。董事会批准了总计 2,000 万美元的资本支出用于先进技术和房地产。没有发行无担保债券或取消普通股。 重大：true",https://www.sec.gov/Archives/edgar/data/1046179/000104617926000660/tsm-monthend6kx20260924.htm,美港股公告 2026-09-24.md
2026-09-25,腾讯控股有限公司 (00700.HK),00700.HK,25/09/2026 17:22,2026-09-25 17:22,HKEX,翌日披露报表,"2026年9月25日在香港联交所回购231,000股，最高价HKD 437，最低价HKD 431.4，支付总额HKD 100,308,562.2。 截至2026年9月25日，已发行股份总数为9,095,133,109股。",https://www1.hkexnews.hk/listedco/listconews/sehk/2026/0925/2026092500753_c.pdf,美港股公告 2026-09-25.md
2026-09-25,"Circle Internet Group, Inc.",CRCL,2026-09-25T16:05:16.000Z,2026-09-26 00:05,0001876042-26-000279,董事会成员和首席财务官辞职,2026年9月25日，P. Sean Neville辞去董事职务，Jeremy Fox-Geen通知公司将辞去首席财务官职务，Fox-Geen将继续任职至2026年12月底。Fox-Geen的辞职将获得105万美元的现金支付及其他补偿。,https://www.sec.gov/Archives/edgar/data/1876042/000187604226000279/crcl-20260925.htm,美港股公告 2026-09-25.md
2026-09-25,"MARA Holdings, Inc.",MARA,2026-09-25T16:30:16.000Z,2026-09-26 00:30,0000950142-26-002607,"MARA Holdings, Inc.与HIF USA LLC签署购买协议修订","MARA Holdings, Inc.的子公司Volt Texas LLC于2026年9月21日与HIF USA LLC签署了购买协议的修订，涉及对一项目公司的收购，购买价格为6亿美元，并包括1亿美元的保证金。",https://www.sec.gov/Archives/edgar/data/1507605/000095014226002607/eh260835247_8k.htm,美港股公告 2026-09-25.md
2026-09-25,"Strategy Inc (MSTR, CIK 0001050446)",MSTR,2026-09-25T08:03:17.000Z,2026-09-25 16:03,0001193125-26-401636,董事会批准提交股东会议的提案以修订每日分红,2026年9月24日，Strategy Inc的董事会批准在特别股东会议上提交修订提案，涉及10.00%系列A永久性冲突优先股、可变利率系列A永久性伸展优先股、8.00%系列A永久性打击优先股和10.00%系列A永久性步伐优先股的设计证书。若获得股东批准，预计将于2026年11月2日和2027年1月4日支付首次每日分红。,https://www.sec.gov/Archives/edgar/data/1050446/000119312526401636/mstr-20260924.htm,美港股公告 2026-09-25.md
2026-09-28,腾讯控股有限公司 (00700.HK),00700.HK,28/09/2026 18:01,2026-09-28 18:01,HKEX,翌日披露报表 - 已发行股份变动及股份回购,"2026年9月28日在香港联交所回购227,000股，最高价HKD 446.8，最低价HKD 438.8，支付总额HKD 100,223,723.4。 2026年9月28日因2023年购股权计划行使购股权发行新股7,736股，占比0.00009%，每股发行价HKD 305.65。 截至2026年9月28日，已发行股份总数为9,095,140,845股。",https://www1.hkexnews.hk/listedco/listconews/sehk/2026/0928/2026092801258_c.pdf,美港股公告 2026-09-28.md
2026-09-28,"Strategy Inc (MSTR, CIK 0001050446)",MSTR,2026-09-28T08:00:16.000Z,2026-09-28 16:00,0001193125-26-403417,Strategy Inc 更新其市场销售和比特币持有情况,"2026年9月28日，Strategy Inc 发布了其在市场销售计划下的销售更新，报告期内共售出1,469,165股普通股，净收益为246.2百万美元。同时，更新了其比特币持有情况，报告期内购买了1,665个比特币，累计购买价格为142.7百万美元。",https://www.sec.gov/Archives/edgar/data/1050446/000119312526403417/mstr-20260914.htm,美港股公告 2026-09-28.md
2026-09-29,腾讯控股有限公司 (00700.HK),00700.HK,29/09/2026 17:31,2026-09-29 17:31,HKEX,翌日披露报表 - 已发行股份变动及股份回购,"2026年9月29日在香港联交所回购232,000股，最高价HKD 439.4，最低价HKD 431.8，支付总额HKD 100,633,665.6。 2026年9月29日因2023年购股权计划行使购股权发行新股12,175股，占比0.00013%，每股发行价HKD 281.45。 截至2026年9月29日，已发行股份总数为9,095,153,020股。",https://www1.hkexnews.hk/listedco/listconews/sehk/2026/0929/2026092901100_c.pdf,美港股公告 2026-09-29.md
2026-09-30,腾讯控股有限公司 (00700.HK),00700.HK,30/09/2026 17:39,2026-09-30 17:39,HKEX,翌日披露报表 - 已发行股份变动及股份回购,"2026年9月30日在香港联交所回购234,000股，最高价HKD 432.2，最低价HKD 425，支付总额HKD 100,321,767。 2026年9月30日因2023年购股权计划行使购股权发行新股6,575股，占比0.00007%，每股发行价HKD 317.92。 截至2026年9月30日，已发行股份总数为9,092,605,595股。",https://www1.hkexnews.hk/listedco/listconews/sehk/2026/0930/2026093001521_c.pdf,美港股公告 2026-09-30.md
2026-09-30,MICRON TECHNOLOGY INC,MU,2026-09-30T16:02:22.000Z,2026-10-01 00:02,0000723125-26-000018,Micron 发布 FY26 Q4 财报,"总营收（含同比/环比）：$54.23 billion（环比增长 30.8%，同比增长 378.5%） 分部营收： Cloud Memory Business Unit: $16.28 billion Core Data Center Business Unit: $18.00 billion Mobile and Client Business Unit: $13.11 billion Automotive and Embedded Business Unit: $6.82 billion 毛利率（GAAP 与 non-GAAP 分开）： GAAP: 86.8% Non-GAAP: 87.0% 净利润 / EPS： GAAP净利润: $37.70 billion GAAP EPS: $32.87 Non-GAAP净利润: $38.40 billion Non-GAAP EPS: $33.42 经营性现金流 / 自由现金流 / 资本开支： 经营性现金流: $43.97 billion 自由现金流: $33.20 billion 资本开支: $10.77 billion 回购与分红：季度分红 $0.15 每股 下季度指引： GAAP营收: $61.5 billion ± $1.5 billion Non-GAAP营收: $61.5 billion ± $1.5 billion GAAP毛利率: 约 85.95% Non-GAAP毛利率: 约 86.25% GAAP经营费用: 约 $2.31 billion Non-GAAP经营费用: 约 $2.06 billion GAAP EPS: $37.84 ± $1.00 Non-GAAP EPS: $38.15 ± $1.00 管理层对业绩变化的归因：“Micron delivered record fiscal 2026 results, and we expect an even stronger fiscal 2027.”",,美港股公告 2026-09-30.md
2026-10-01,"Strategy Inc (MSTR, CIK 0001050446)",MSTR,2026-10-01T08:01:12.000Z,2026-10-01 16:01,0001193125-26-409863,宣布维持可变利率A系列永久性Stretch优先股的股息率,2026年9月30日，Strategy Inc宣布将维持其可变利率A系列永久性Stretch优先股（STRC）的年股息率为12.00%，自2026年10月16日起生效。同时，董事会宣布将于2026年10月31日向截至2026年10月15日的股东支付现金股息。,https://www.sec.gov/Archives/edgar/data/1050446/000119312526409863/mstr-20260930.htm,美港股公告 2026-10-01.md
2026-10-01,"NIKE, Inc.",NKE,2026-10-01T16:15:15.000Z,2026-10-02 00:15,0000320187-26-000184,NIKE 发布 FY27 Q1 财报,总营收：$11.2 billion，同比下降 4%，环比下降 5% 分部营收： NIKE Brand：$11.0 billion，同比下降 4%，环比下降 5% NIKE Brand wholesale：$6.8 billion，同比下降 1%，环比下降 1% NIKE Direct：$4.1 billion，同比下降 8%，环比下降 9% Converse：$263 million，同比下降 28%，环比下降 28% 毛利率：GAAP 42.8%，non-GAAP 原文未披露 净利润 / EPS：净利润 $0.7 billion，EPS $0.48 经营性现金流 / 自由现金流 / 资本开支：原文未披露 回购与分红：回购与分红 $610 million，同比上升 3% 下季度指引： 营收预计下降高单位数百分比 有效税率预计在中20%范围内 调整后稀释每股收益预计在 $1.15 至 $1.35 之间 管理层对业绩变化的归因：“Sport Offense 正在推动我们绩效业务的可衡量进展，我们推出 Pace 来帮助我们加速和扩大这一势头。”,,美港股公告 2026-10-01.md
2026-10-03,腾讯控股有限公司 (00700.HK),00700.HK,02/10/2026 17:28,2026-10-02 17:28,HKEX,翌日披露报表,"2026年10月2日在香港联交所回购238,000股，最高价HKD 424.8，最低价HKD 420，支付总额HKD 100,338,872.2。 截至2026年10月2日，已发行股份总数为9,092,605,595股。",https://www1.hkexnews.hk/listedco/listconews/sehk/2026/1002/2026100202610_c.pdf,美港股公告 2026-10-03.md
2026-10-03,"Coinbase Global, Inc. (COIN, CIK 0001679788)",COIN,2026-10-02T20:04:24.000Z,2026-10-03 04:04,0001679788-26-000113,首席会计官 Jennifer Jones 宣布退休,2026年9月29日，Coinbase 首席会计官兼首席会计主管 Jennifer Jones 通知公司决定退休。她将继续任职直至职责移交给继任者，公司已开始物色候选人，其退休并非因与公司在运营、政策或实践方面存在任何分歧。,https://www.sec.gov/Archives/edgar/data/1679788/000167978826000113/coin-20260929.htm,美港股公告 2026-10-03.md
2026-10-05,腾讯控股有限公司 (00700.HK),00700.HK,05/10/2026 17:43,2026-10-05 17:43,HKEX,翌日披露报表,"2026年10月5日在香港联交所回购238,000股，最高价HKD 423.4，最低价HKD 416.6，支付总额HKD 100,220,610。 截至2026年10月5日，已发行股份总数为9,092,605,595股。",https://www1.hkexnews.hk/listedco/listconews/sehk/2026/1005/2026100501627_c.pdf,美港股公告 2026-10-05.md
2026-10-05,"Strategy Inc (MSTR, CIK 0001050446)",MSTR,2026-10-05T12:00:15.000Z,2026-10-05 20:00,0001193125-26-413164,发布ATM发行、比特币持仓、股票回购及2026年第三季度财务预估等多项更新。,"Strategy于2026年10月5日披露多项更新：10月1日至4日通过ATM发行92,894股MSTR股票，净收益1,570万美元，全部用于购买比特币；截至10月4日持有比特币848,000枚，总购买价63.97亿美元。同期回购740,634股STRC优先股，金额7,370万美元。公司预估2026年第三季度数字资产收益为209.1亿美元，相关递延税费用为18.8亿美元。",https://www.sec.gov/Archives/edgar/data/1050446/000119312526413164/mstr-20261005.htm,美港股公告 2026-10-05.md
2026-10-06,腾讯控股有限公司 (00700.HK),00700.HK,06/10/2026 17:32,2026-10-06 17:32,HKEX,翌日披露报表,"2026年10月6日在香港联交所回购235,000股，最高价HKD 429.2，最低价HKD 425.6，支付总额HKD 100,447,624.5。 截至2026年10月6日，已发行股份总数为9,092,605,595股。",https://www1.hkexnews.hk/listedco/listconews/sehk/2026/1006/2026100601042_c.pdf,美港股公告 2026-10-06.md
2026-10-07,腾讯控股有限公司 (00700.HK),00700.HK,07/10/2026 17:13,2026-10-07 17:13,HKEX,截至二零二六年九月三十日止之股份发行人的證券变动月报表,月報表,https://www1.hkexnews.hk/listedco/listconews/sehk/2026/1007/2026100701205_c.pdf,美港股公告 2026-10-07.md
2026-10-07,腾讯控股有限公司 (00700.HK),00700.HK,07/10/2026 17:30,2026-10-07 17:30,HKEX,翌日披露报表,"2026年10月7日在香港联交所回购238,000股，最高价HKD 425.8，最低价HKD 419.4，支付总额HKD 100,329,233.2。 截至2026年10月7日，已发行股份总数为9,092,605,595股。",https://www1.hkexnews.hk/listedco/listconews/sehk/2026/1007/2026100701281_c.pdf,美港股公告 2026-10-07.md
