date,kind,item_count,status,insider_count,source
2026-09-09,announcement,2,,0,美港股公告 2026-09-09.md
2026-09-09,press,23,,,美港股新闻稿 2026-09-09.md
2026-09-10,announcement,4,OK,0,美港股公告 2026-09-10.md
2026-09-10,press,3,OK,,美港股新闻稿 2026-09-10.md
2026-09-11,announcement,4,OK,0,美港股公告 2026-09-11.md
2026-09-12,announcement,0,NO_TRIGGER,0,美港股公告 2026-09-12.md
2026-09-12,press,0,OK,,美港股新闻稿 2026-09-12.md
2026-09-13,announcement,0,NO_TRIGGER,0,美港股公告 2026-09-13.md
2026-09-13,press,0,OK,,美港股新闻稿 2026-09-13.md
2026-09-14,announcement,4,OK,0,美港股公告 2026-09-14.md
2026-09-14,press,5,OK,,美港股新闻稿 2026-09-14.md
2026-09-15,announcement,1,OK,0,美港股公告 2026-09-15.md
2026-09-15,press,2,OK,,美港股新闻稿 2026-09-15.md
2026-09-16,announcement,3,OK,0,美港股公告 2026-09-16.md
2026-09-16,press,1,OK,,美港股新闻稿 2026-09-16.md
2026-09-17,announcement,1,OK,0,美港股公告 2026-09-17.md
2026-09-17,press,0,OK,,美港股新闻稿 2026-09-17.md
2026-09-18,announcement,1,OK,0,美港股公告 2026-09-18.md
2026-09-18,press,1,OK,,美港股新闻稿 2026-09-18.md
2026-09-19,announcement,1,OK,0,美港股公告 2026-09-19.md
2026-09-19,press,0,OK,,美港股新闻稿 2026-09-19.md
2026-09-20,announcement,0,NO_TRIGGER,0,美港股公告 2026-09-20.md
2026-09-20,press,0,OK,,美港股新闻稿 2026-09-20.md
2026-09-21,announcement,2,OK,0,美港股公告 2026-09-21.md
2026-09-21,press,2,OK,,美港股新闻稿 2026-09-21.md
2026-09-22,announcement,2,OK,0,美港股公告 2026-09-22.md
2026-09-22,press,2,OK,,美港股新闻稿 2026-09-22.md
2026-09-23,announcement,2,OK,0,美港股公告 2026-09-23.md
2026-09-23,press,1,OK,,美港股新闻稿 2026-09-23.md
2026-09-24,announcement,3,OK,0,美港股公告 2026-09-24.md
2026-09-24,press,0,OK,,美港股新闻稿 2026-09-24.md
2026-09-25,announcement,4,OK,0,美港股公告 2026-09-25.md
2026-09-25,press,1,OK,,美港股新闻稿 2026-09-25.md
2026-09-26,announcement,0,NO_TRIGGER,0,美港股公告 2026-09-26.md
2026-09-26,press,0,OK,,美港股新闻稿 2026-09-26.md
2026-09-27,announcement,0,NO_TRIGGER,0,美港股公告 2026-09-27.md
2026-09-27,press,0,OK,,美港股新闻稿 2026-09-27.md
2026-09-28,announcement,2,OK,0,美港股公告 2026-09-28.md
2026-09-28,press,3,OK,,美港股新闻稿 2026-09-28.md
