date,company,ticker,title,time_bj,url,summary,source
2026-09-10,NVIDIA,NVDA,NVIDIA 与 Palantir 将主权智能引入关键供应链,2026-09-10 17:00（北京时间，原始时区已换算）,https://nvidianews.nvidia.com/news/nvidia-and-palantir-bring-sovereign-intelligence-to-critical-supply-chains,Palantir Technologies Inc.（NASDAQ: PLTR）和 NVIDIA（NASDAQ: NVDA）今日宣布合作，将主权 AI 引入关键供应链，首先从 NVIDIA 自身运营开始。,美港股新闻稿 2026-09-10.md
2026-09-10,NVIDIA,NVDA,NVIDIA 与澳大利亚数据中心生态系统合作扩展 AI 基础设施容量,2026-09-10 08:00（北京时间，原始时区已换算）,https://nvidianews.nvidia.com/news/nvidia-expands-ai-infrastructure-capacity-in-partnership-with-australias-data-center-ecosystem,NVIDIA 今日宣布，正与不断壮大的澳大利亚 NVIDIA Cloud Partners（NCPs）和 AI 基础设施合作伙伴生态系统合作，扩展土地、电力和建筑外壳容量，用于承载多代 NVIDIA DSX™ AI 工厂，以支持该国对 AI 算力日益增长的需求——到 2027 年建设规模最高可达 2 吉瓦。,美港股新闻稿 2026-09-10.md
2026-09-10,Oracle,ORCL,Oracle 宣布第一财季业绩，云基础设施收入实现三位数增长,2026-09-11 04:10（北京时间，原始时区已换算）,https://investor.oracle.com/investor-news/news-details/2026/Oracle-Announces-Q1-Results-Driven-by-Triple-Digit-Growth-in-Cloud-Infrastructure-Revenues/default.aspx,第一财季 GAAP 每股收益按美元计增长 55%，按固定汇率计增长 54%，至 1.56 美元；非 GAAP 每股收益按美元和固定汇率计均增长 30%，至 1.92 美元。第一财季总收入创纪录，按美元和固定汇率计均增长 30%，至 193 亿美元。第一财季总云收入创纪录，按美元计增长 62%，按固定汇率计增长 61%，至 116 亿美元。第一财季云基础设施（IaaS）收入按美元计增长 121%，按固定汇率计增长 120%，至 74 亿美元。第一财季云应用（SaaS）收入按美元和固定汇率计均增长 10%，至 4,美港股新闻稿 2026-09-10.md
2026-09-14,Apple,AAPL,Apple 新的儿童安全功能现已推出,2026-09-15 01:08（北京时间，原始时区已换算）,https://www.apple.com/newsroom/2026/09/apples-new-child-safety-features-now-available,Apple 新推出的一套工具现已在 iPhone、iPad、Mac 等设备上可用，帮助家长为孩子打造更安全的数字体验。,美港股新闻稿 2026-09-14.md
2026-09-14,Apple,AAPL,Apple 软件平台的重大更新现已推出,2026-09-15 01:10（北京时间，原始时区已换算）,https://www.apple.com/newsroom/2026/09/major-updates-for-apples-software-platforms-are-now-available,Apple 最新的软件更新引入 Siri AI，并带来实用的新 Apple Intelligence 功能。,美港股新闻稿 2026-09-14.md
2026-09-14,Apple,AAPL,Siri AI 登场：能力更强、更个性化的助理,2026-09-15 01:09（北京时间，原始时区已换算）,https://www.apple.com/newsroom/2026/09/siri-ai-a-profoundly-more-capable-and-personal-assistant-is-here,Apple 今日发布了下一代 Apple Intelligence。,美港股新闻稿 2026-09-14.md
2026-09-14,Strategy,MSTR,"Strategy Form 8-K（items 7.01,8.01）",2026-09-14 16:00（北京时间，原始时区已换算）,https://www.sec.gov/Archives/edgar/data/1050446/000119312526389858/mstr-20260914.htm,SEC 官方 8-K fallback（strategy.com/press 当前对本机返回 403）,美港股新闻稿 2026-09-14.md
2026-09-14,NVIDIA,NVDA,NVIDIA 扩展开源 CUDA-Q 平台，用于容错量子计算,2026-09-14 21:00（北京时间，原始时区已换算）,https://nvidianews.nvidia.com/news/nvidia-expands-open-source-cuda-q-platform-for-fault-tolerant-quantum-computing,NVIDIA 今日宣布扩展 NVIDIA CUDA-Q™ 开源平台，推出 CUDA-Q Logical。这是一个编排层，为开发适用于容错量子计算机的实用应用提供可编程、可验证的方法。,美港股新闻稿 2026-09-14.md
2026-09-15,Apple,AAPL,《Widow’s Bay》成为艾美奖史上获奖最多的新生喜剧,2026-09-15 18:02（北京时间，原始时区已换算）,https://www.apple.com/newsroom/2026/09/widows-bay-triumphs-as-most-decorated-freshman-comedy-in-emmy-history,今晚，在第 78 届黄金时段艾美奖颁奖典礼上，Apple TV 打破纪录，成为本年度获奖最多的电视网络，总计斩获 29 项大奖。,美港股新闻稿 2026-09-15.md
2026-09-15,Microsoft,MSFT,Microsoft 宣布提高季度股息,2026-09-16 06:06（北京时间，原始时区已换算）,https://news.microsoft.com/source/2026/09/15/microsoft-announces-quarterly-dividend-increase-7,文章《Microsoft 宣布提高季度股息》最先发布于 Source。,美港股新闻稿 2026-09-15.md
2026-09-16,Apple,AAPL,用 iPhone 18 Pro 礼赞“What Holds Us”,2026-09-16 21:59（北京时间，原始时区已换算）,https://www.apple.com/newsroom/2026/09/celebrating-what-holds-us-on-iphone-18-pro,由 Kathy Ryan 策展的全新摄影展礼赞视觉叙事语言的演进，并展示 iPhone 18 Pro 先进的专业级相机系统。,美港股新闻稿 2026-09-16.md
2026-09-18,Apple,AAPL,最新 iPhone、Apple Watch 和 AirPods 产品线在全球门店上市,2026-09-18 13:02（北京时间，原始时区已换算）,https://www.apple.com/newsroom/2026/09/the-latest-iphone-apple-watch-and-airpods-lineups-arrive-in-stores-worldwide,9月18日星期五，全球各地的 Apple Store 门店向顾客推出了 iPhone 18 Pro 系列、Apple Watch Series 12、Apple Watch Ultra 4 和 AirPods 5。,美港股新闻稿 2026-09-18.md
2026-09-21,Microsoft,MSFT,微软推出100万美元 Community-First 资助计划以支持非营利组织,2026-09-21 22:59（北京时间，原始时区已换算）,https://news.microsoft.com/source/2026/09/21/microsoft-launches-1-million-community-first-grants-to-support-nonprofits,微软推出100万美元 Community-First 资助计划以支持非营利组织（来源转载摘要）。,美港股新闻稿 2026-09-21.md
2026-09-21,Strategy,MSTR,Strategy 提交 8-K（事项 7.01、8.01）,2026-09-21 16:00（北京时间，原始时区已换算）,https://www.sec.gov/Archives/edgar/data/1050446/000119312526396093/mstr-20260914.htm,SEC 官方 8-K fallback（strategy.com/press 当前对本机返回 403）,美港股新闻稿 2026-09-21.md
2026-09-22,Apple,AAPL,"Apple opens Apple Music Hall, a state-of-the-art live music venue in London",2026-09-22 13:59（北京时间，原始时区已换算）,https://www.apple.com/newsroom/2026/09/apple-opens-apple-music-hall-a-state-of-the-art-live-music-venue-in-london,"Apple Music Hall, a state-of-the-art live music venue in London’s storied Battersea Power Station, is now open.",美港股新闻稿 2026-09-22.md
2026-09-22,Apple,AAPL,The new Mac mini and Mac Studio are available today,2026-09-22 20:59（北京时间，原始时区已换算）,https://www.apple.com/newsroom/2026/09/the-new-mac-mini-and-mac-studio-are-available-today,"Customers can now shop for Mac mini with M6 and M5 Pro, and Mac Studio with M5 Max and M5 Ultra, at Apple Store locations, online, and in the Apple Store app.",美港股新闻稿 2026-09-22.md
2026-09-23,McDonald's,MCD,McDonald's 8-K 表格（项目 7.01、9.01）,2026-09-23 16:01（北京时间，原始时区已换算）,https://www.sec.gov/Archives/edgar/data/63908/000006390826000076/mcd-20260923.htm,SEC 官方 8-K 备用来源（corporate.mcdonalds.com 对本机 TCP 可连接，但 HTTPS 读取超时）,美港股新闻稿 2026-09-23.md
2026-09-25,Strategy,MSTR,Strategy 8-K 表格（第 8.01 项）,2026-09-25 16:03（北京时间，原始时区已换算）,https://www.sec.gov/Archives/edgar/data/1050446/000119312526401636/mstr-20260924.htm,SEC 官方 8-K 备用来源（strategy.com/press 当前对本机返回 403）,美港股新闻稿 2026-09-25.md
2026-09-28,Strategy,MSTR,Strategy 8-K 表格（第 7.01、8.01 项）,2026-09-28 16:00（北京时间，原始时区已换算）,https://www.sec.gov/Archives/edgar/data/1050446/000119312526403417/mstr-20260914.htm,SEC 官方 8-K 备用来源（strategy.com/press 当前对本机返回 403）,美港股新闻稿 2026-09-28.md
2026-09-28,NVIDIA,NVDA,"NVIDIA 宣布将股票回购授权额度增加 1,500 亿美元",2026-09-28 19:00（北京时间，原始时区已换算）,https://nvidianews.nvidia.com/news/nvidia-announces-a-150-billion-share-repurchase-authorization-increase,"NVIDIA 今日宣布，其董事会已批准在公司现有股票回购计划下新增 1,500 亿美元授权额度，使剩余获授权总额增至 2,350 亿美元。",美港股新闻稿 2026-09-28.md
2026-09-28,NVIDIA,NVDA,NVIDIA 推出开放式智能体安全平台，保障智能体从测试到部署的安全,2026-09-28 17:00（北京时间，原始时区已换算）,https://nvidianews.nvidia.com/news/open-agent-safety-platform,NVIDIA 今日宣布推出 NVIDIA 开放式智能体安全平台，这是一套开放软件平台和参考系统设计，旨在强化人工智能从智能体测试到部署全过程的安全，并对软件以及运行智能体的硬件、计算和机器人系统实施全栈治理与控制。,美港股新闻稿 2026-09-28.md
