date,gpu,price,unit,chg_1d_pct,chg_7d_pct,chg_30d_pct,chg_90d_pct,source
2026-09-16,B200,5.90,USD/GPU-hour,-4.8,9.3,3.5,68.6,2026-09-17_半导体-GPU租赁价格.md
2026-09-16,H100 SXM,1.70,USD/GPU-hour,0.0,11.1,-10.1,11.1,2026-09-17_半导体-GPU租赁价格.md
2026-09-16,H200,3.75,USD/GPU-hour,4.2,23.0,25.0,33.9,2026-09-17_半导体-GPU租赁价格.md
2026-09-17,B200,6.34,USD/GPU-hour,6.2,17.3,24.2,81.0,2026-09-18_半导体-GPU租赁价格.md
2026-09-17,H100 SXM,1.68,USD/GPU-hour,-1.2,9.8,5.0,12.0,2026-09-18_半导体-GPU租赁价格.md
2026-09-17,H200,3.58,USD/GPU-hour,-1.9,10.3,11.0,37.7,2026-09-18_半导体-GPU租赁价格.md
2026-09-18,B200,5.95,USD/GPU-hour,0.8,8.2,0.4,70.0,2026-09-19_半导体-GPU租赁价格.md
2026-09-18,H100 SXM,1.66,USD/GPU-hour,-2.4,7.3,-2.1,8.5,2026-09-19_半导体-GPU租赁价格.md
2026-09-18,H200,3.56,USD/GPU-hour,-1.7,11.9,8.0,40.7,2026-09-19_半导体-GPU租赁价格.md
2026-09-19,B200,5.95,USD/GPU-hour,0.8,8.2,0.4,70.0,2026-09-20_半导体-GPU租赁价格.md
2026-09-19,H100 SXM,1.66,USD/GPU-hour,-2.4,7.3,-2.1,8.5,2026-09-20_半导体-GPU租赁价格.md
2026-09-19,H200,3.56,USD/GPU-hour,-1.7,11.9,8.0,40.7,2026-09-20_半导体-GPU租赁价格.md
2026-09-20,B200,6.50,USD/GPU-hour,0.0,12.1,0.0,81.1,2026-09-21_半导体-GPU租赁价格.md
2026-09-20,H100 SXM,1.64,USD/GPU-hour,1.9,7.2,9.3,9.3,2026-09-21_半导体-GPU租赁价格.md
2026-09-20,H200,3.56,USD/GPU-hour,-1.0,17.6,11.3,28.4,2026-09-21_半导体-GPU租赁价格.md
2026-09-21,B200,6.00,USD/GPU-hour,-7.7,-3.2,3.4,67.1,2026-09-22_半导体-GPU租赁价格.md
2026-09-21,H100 SXM,1.59,USD/GPU-hour,-2.9,-6.3,-27.6,6.2,2026-09-22_半导体-GPU租赁价格.md
2026-09-21,H200,3.56,USD/GPU-hour,0.0,12.9,16.8,27.2,2026-09-22_半导体-GPU租赁价格.md
2026-09-22,B200,6.00,USD/GPU-hour,-7.7,-3.2,3.4,67.1,2026-09-23_半导体-GPU租赁价格.md
2026-09-22,H100 SXM,1.59,USD/GPU-hour,-2.9,-6.3,-27.6,6.2,2026-09-23_半导体-GPU租赁价格.md
2026-09-22,H200,3.56,USD/GPU-hour,0.0,12.9,16.8,27.2,2026-09-23_半导体-GPU租赁价格.md
2026-09-23,B200,7.00,USD/GPU-hour,16.7,12.9,32.1,95.0,2026-09-24_半导体-GPU租赁价格.md
2026-09-23,H100 SXM,1.62,USD/GPU-hour,1.7,-4.7,-14.7,8.0,2026-09-24_半导体-GPU租赁价格.md
2026-09-23,H200,3.50,USD/GPU-hour,-1.8,15.5,13.3,25.0,2026-09-24_半导体-GPU租赁价格.md
2026-09-24,B200,7.50,USD/GPU-hour,7.1,25.7,41.5,108.9,2026-09-25_半导体-GPU租赁价格.md
2026-09-24,H100 SXM,1.62,USD/GPU-hour,0.0,-4.7,8.0,8.0,2026-09-25_半导体-GPU租赁价格.md
2026-09-24,H200,3.30,USD/GPU-hour,-5.7,-9.6,6.5,20.0,2026-09-25_半导体-GPU租赁价格.md
2026-09-25,B200,7.50,USD/GPU-hour,0.0,27.1,29.3,108.3,2026-09-26_半导体-GPU租赁价格.md
2026-09-25,H100 SXM,1.74,USD/GPU-hour,7.1,2.1,-11.0,15.7,2026-09-26_半导体-GPU租赁价格.md
2026-09-25,H200,3.50,USD/GPU-hour,6.1,-3.4,9.4,29.6,2026-09-26_半导体-GPU租赁价格.md
2026-09-26,B200,7.50,USD/GPU-hour,0.0,15.4,58.7,102.7,2026-09-27_半导体-GPU租赁价格.md
2026-09-26,H100 SXM,1.75,USD/GPU-hour,6.7,8.7,8.0,16.7,2026-09-27_半导体-GPU租赁价格.md
2026-09-26,H200,3.50,USD/GPU-hour,-4.1,-2.8,9.4,29.6,2026-09-27_半导体-GPU租赁价格.md
2026-09-27,B200,7.50,USD/GPU-hour,0.0,15.4,58.7,102.7,2026-09-28_半导体-GPU租赁价格.md
2026-09-27,H100 SXM,1.75,USD/GPU-hour,6.7,8.7,8.0,16.7,2026-09-28_半导体-GPU租赁价格.md
2026-09-27,H200,3.50,USD/GPU-hour,-4.1,-2.8,9.4,29.6,2026-09-28_半导体-GPU租赁价格.md
2026-09-28,B200,7.50,USD/GPU-hour,0.0,15.4,31.6,76.5,2026-09-29_半导体-GPU租赁价格.md
2026-09-28,H100 SXM,1.70,USD/GPU-hour,-2.9,3.7,11.9,13.3,2026-09-29_半导体-GPU租赁价格.md
2026-09-28,H200,3.37,USD/GPU-hour,-3.8,-5.5,4.9,27.6,2026-09-29_半导体-GPU租赁价格.md
2026-09-29,B200,7.50,USD/GPU-hour,0.0,25.0,56.3,78.6,2026-09-30_半导体-GPU租赁价格.md
2026-09-29,H100 SXM,1.62,USD/GPU-hour,-4.7,1.7,8.0,-1.8,2026-09-30_半导体-GPU租赁价格.md
2026-09-29,H200,3.65,USD/GPU-hour,8.4,2.5,13.2,17.7,2026-09-30_半导体-GPU租赁价格.md
