date,product,value,unit,chg_1d_pct,chg_7d_pct,chg_30d_pct,source
2026-09-16,DDR4 16Gb spot,43,USD/GB,-1.85,,,2026-09-17_半导体-存储价格.md
2026-09-16,DDR5 16Gb spot,27.6165,USD/GB,0.73,,,2026-09-17_半导体-存储价格.md
2026-09-16,TLC 512Gb NAND wafer spot,0.3148,USD/GB,,-2.71,,2026-09-17_半导体-存储价格.md
2026-09-16,零售 SSD 2TB,189.75,USD/TB,,,,2026-09-17_半导体-存储价格.md
2026-09-17,DDR4 16Gb spot,43,USD/GB,-1.85,,,2026-09-18_半导体-存储价格.md
2026-09-17,DDR5 16Gb spot,27.6165,USD/GB,0.73,,,2026-09-18_半导体-存储价格.md
2026-09-17,TLC 512Gb NAND wafer spot,0.3148,USD/GB,,-2.71,,2026-09-18_半导体-存储价格.md
2026-09-17,零售 SSD 2TB,191.27,USD/TB,0.80,,,2026-09-18_半导体-存储价格.md
2026-09-18,DDR4 16Gb spot,42.875,USD/GB,-0.29,,,2026-09-19_半导体-存储价格.md
2026-09-18,DDR5 16Gb spot,28,USD/GB,1.39,,,2026-09-19_半导体-存储价格.md
2026-09-18,TLC 512Gb NAND wafer spot,0.3148,USD/GB,,-2.71,,2026-09-19_半导体-存储价格.md
2026-09-18,零售 SSD 2TB,189.45,USD/TB,-0.95,,,2026-09-19_半导体-存储价格.md
2026-09-19,DDR4 16Gb spot,42.875,USD/GB,-0.29,,,2026-09-20_半导体-存储价格.md
2026-09-19,DDR5 16Gb spot,28,USD/GB,1.39,,,2026-09-20_半导体-存储价格.md
2026-09-19,TLC 512Gb NAND wafer spot,0.3148,USD/GB,,-2.71,,2026-09-20_半导体-存储价格.md
2026-09-19,零售 SSD 2TB,188.19,USD/TB,-0.67,,,2026-09-20_半导体-存储价格.md
2026-09-20,DDR4 16Gb spot,42.875,USD/GB,-0.29,,,2026-09-21_半导体-存储价格.md
2026-09-20,DDR5 16Gb spot,28,USD/GB,1.39,,,2026-09-21_半导体-存储价格.md
2026-09-20,TLC 512Gb NAND wafer spot,0.3148,USD/GB,,-2.71,,2026-09-21_半导体-存储价格.md
2026-09-20,零售 SSD 2TB,190.155,USD/TB,1.04,,,2026-09-21_半导体-存储价格.md
2026-09-21,DDR4 16Gb spot,42.5,USD/GB,-0.88,,,2026-09-22_半导体-存储价格.md
2026-09-21,DDR5 16Gb spot,28.4665,USD/GB,1.67,,,2026-09-22_半导体-存储价格.md
2026-09-21,TLC 512Gb NAND wafer spot,0.3138,USD/GB,,-0.31,,2026-09-22_半导体-存储价格.md
2026-09-21,零售 SSD 2TB,190.48,USD/TB,0.17,,,2026-09-22_半导体-存储价格.md
2026-09-22,DDR4 16Gb spot,42.25,USD/GB,-0.59,,,2026-09-23_半导体-存储价格.md
2026-09-22,DDR5 16Gb spot,28.5835,USD/GB,0.41,,,2026-09-23_半导体-存储价格.md
2026-09-22,TLC 512Gb NAND wafer spot,0.3138,USD/GB,,-0.31,,2026-09-23_半导体-存储价格.md
2026-09-22,零售 SSD 2TB,188.255,USD/TB,-1.17,,,2026-09-23_半导体-存储价格.md
2026-09-23,DDR4 16Gb spot,42.1875,USD/GB,-0.15,-1.89,,2026-09-24_半导体-存储价格.md
2026-09-23,DDR5 16Gb spot,28.75,USD/GB,0.58,4.10,,2026-09-24_半导体-存储价格.md
2026-09-23,TLC 512Gb NAND wafer spot,0.3138,USD/GB,,-0.31,,2026-09-24_半导体-存储价格.md
2026-09-23,零售 SSD 2TB,189.22,USD/TB,0.51,-0.28,,2026-09-24_半导体-存储价格.md
2026-09-24,DDR4 16Gb spot,41.892,USD/GB,-0.70,-2.58,,2026-09-25_半导体-存储价格.md
2026-09-24,DDR5 16Gb spot,28.8335,USD/GB,0.29,4.41,,2026-09-25_半导体-存储价格.md
2026-09-24,TLC 512Gb NAND wafer spot,0.3138,USD/GB,,-0.31,,2026-09-25_半导体-存储价格.md
2026-09-24,零售 SSD 2TB,192.7,USD/TB,1.84,0.75,,2026-09-25_半导体-存储价格.md
2026-09-25,DDR4 16Gb spot,41.892,USD/GB,-0.70,-2.29,,2026-09-26_半导体-存储价格.md
2026-09-25,DDR5 16Gb spot,28.8335,USD/GB,0.29,2.98,,2026-09-26_半导体-存储价格.md
2026-09-25,TLC 512Gb NAND wafer spot,0.3138,USD/GB,,-0.31,,2026-09-26_半导体-存储价格.md
2026-09-25,零售 SSD 2TB,194.715,USD/TB,1.05,2.78,,2026-09-26_半导体-存储价格.md
2026-09-26,DDR4 16Gb spot,41.892,USD/GB,-0.70,-2.29,,2026-09-27_半导体-存储价格.md
2026-09-26,DDR5 16Gb spot,28.8335,USD/GB,0.29,2.98,,2026-09-27_半导体-存储价格.md
2026-09-26,TLC 512Gb NAND wafer spot,0.3138,USD/GB,,-0.31,,2026-09-27_半导体-存储价格.md
2026-09-26,零售 SSD 2TB,192.47,USD/TB,-1.15,2.27,,2026-09-27_半导体-存储价格.md
2026-09-27,DDR4 16Gb spot,41.892,USD/GB,-0.70,-2.29,,2026-09-28_半导体-存储价格.md
2026-09-27,DDR5 16Gb spot,28.8335,USD/GB,0.29,2.98,,2026-09-28_半导体-存储价格.md
2026-09-27,TLC 512Gb NAND wafer spot,0.3138,USD/GB,,-0.31,,2026-09-28_半导体-存储价格.md
2026-09-27,零售 SSD 2TB,186.745,USD/TB,-2.97,-1.79,,2026-09-28_半导体-存储价格.md
2026-09-28,DDR4 16Gb spot,41.83,USD/GB,-0.15,-1.58,,2026-09-29_半导体-存储价格.md
2026-09-28,DDR5 16Gb spot,28.9165,USD/GB,0.29,1.58,,2026-09-29_半导体-存储价格.md
2026-09-28,TLC 512Gb NAND wafer spot,0.3107,USD/GB,,-1.00,,2026-09-29_半导体-存储价格.md
2026-09-28,零售 SSD 2TB,189.85,USD/TB,1.66,-0.33,,2026-09-29_半导体-存储价格.md
