date,window,tokens,unit,change_pct,note,source
2026-09-16,1日,18.40,T,3.7,正常区间（30%分位 -2.8%）,2026-09-17_半导体-OpenRouter平台token.md
2026-09-16,30日,489.56,T,74.7,高于历史70%分位（45.7%）,2026-09-17_半导体-OpenRouter平台token.md
2026-09-16,7日,124.99,T,2.0,正常区间（30%分位 1.0%）,2026-09-17_半导体-OpenRouter平台token.md
2026-09-17,1日,19.95,T,8.4,高于历史70%分位（4.5%）,2026-09-18_半导体-OpenRouter平台token.md
2026-09-17,30日,496.81,T,74.2,高于历史70%分位（45.8%）,2026-09-18_半导体-OpenRouter平台token.md
2026-09-17,7日,125.76,T,2.1,正常区间（30%分位 1.0%）,2026-09-18_半导体-OpenRouter平台token.md
2026-09-18,1日,19.52,T,-2.2,正常区间（30%分位 -2.8%）,2026-09-19_半导体-OpenRouter平台token.md
2026-09-18,30日,504.21,T,74.5,高于历史70%分位（45.8%）,2026-09-19_半导体-OpenRouter平台token.md
2026-09-18,7日,127.52,T,4.0,正常区间（30%分位 1.0%）,2026-09-19_半导体-OpenRouter平台token.md
2026-09-19,1日,17.82,T,-8.7,低于历史30%分位（-2.8%）,2026-09-20_半导体-OpenRouter平台token.md
2026-09-19,30日,509.90,T,74.2,高于历史70%分位（45.8%）,2026-09-20_半导体-OpenRouter平台token.md
2026-09-19,7日,128.29,T,3.2,正常区间（30%分位 1.1%）,2026-09-20_半导体-OpenRouter平台token.md
2026-09-20,1日,17.33,T,-2.8,正常区间（30%分位 -2.8%）,2026-09-21_半导体-OpenRouter平台token.md
2026-09-20,30日,513.34,T,72.5,高于历史70%分位（46.1%）,2026-09-21_半导体-OpenRouter平台token.md
2026-09-20,7日,128.90,T,1.7,正常区间（30%分位 1.1%）,2026-09-21_半导体-OpenRouter平台token.md
2026-09-21,1日,20.84,T,20.2,高于历史70%分位（4.5%）,2026-09-22_半导体-OpenRouter平台token.md
2026-09-21,30日,520.10,T,71.7,高于历史70%分位（46.5%）,2026-09-22_半导体-OpenRouter平台token.md
2026-09-21,7日,131.61,T,4.6,正常区间（30%分位 1.1%）,2026-09-22_半导体-OpenRouter平台token.md
2026-09-22,1日,20.46,T,-1.8,正常区间（30%分位 -2.8%）,2026-09-23_半导体-OpenRouter平台token.md
2026-09-22,30日,525.42,T,69.8,高于历史70%分位（46.7%）,2026-09-23_半导体-OpenRouter平台token.md
2026-09-22,7日,134.32,T,7.9,正常区间（30%分位 1.1%）,2026-09-23_半导体-OpenRouter平台token.md
2026-09-23,1日,19.84,T,-3.0,低于历史30%分位（-2.8%）,2026-09-24_半导体-OpenRouter平台token.md
2026-09-23,30日,526.90,T,64.5,高于历史70%分位（46.9%）,2026-09-24_半导体-OpenRouter平台token.md
2026-09-23,7日,135.76,T,8.6,正常区间（30%分位 1.1%）,2026-09-24_半导体-OpenRouter平台token.md
2026-09-24,1日,21.88,T,10.3,高于历史70%分位（4.5%）,2026-09-25_半导体-OpenRouter平台token.md
2026-09-24,30日,530.01,T,59.8,高于历史70%分位（47.1%）,2026-09-25_半导体-OpenRouter平台token.md
2026-09-24,7日,137.69,T,9.5,正常区间（30%分位 1.1%）,2026-09-25_半导体-OpenRouter平台token.md
2026-09-25,1日,22.44,T,2.6,正常区间（30%分位 -2.8%）,2026-09-26_半导体-OpenRouter平台token.md
2026-09-25,30日,534.01,T,56.4,高于历史70%分位（47.3%）,2026-09-26_半导体-OpenRouter平台token.md
2026-09-25,7日,140.61,T,10.3,正常区间（30%分位 1.1%）,2026-09-26_半导体-OpenRouter平台token.md
2026-09-26,1日,19.86,T,-11.5,低于历史30%分位（-2.8%）,2026-09-27_半导体-OpenRouter平台token.md
2026-09-26,30日,538.07,T,54.5,高于历史70%分位（47.4%）,2026-09-27_半导体-OpenRouter平台token.md
2026-09-26,7日,142.65,T,11.2,正常区间（30%分位 1.1%）,2026-09-27_半导体-OpenRouter平台token.md
2026-09-27,1日,20.53,T,3.4,正常区间（30%分位 -2.8%）,2026-09-28_半导体-OpenRouter平台token.md
2026-09-27,30日,543.48,T,53.0,高于历史70%分位（47.4%）,2026-09-28_半导体-OpenRouter平台token.md
2026-09-27,7日,145.84,T,13.1,高于历史70%分位（12.5%）,2026-09-28_半导体-OpenRouter平台token.md
2026-09-28,1日,23.93,T,16.6,高于历史70%分位（4.5%）,2026-09-29_半导体-OpenRouter平台token.md
2026-09-28,30日,554.21,T,53.9,高于历史70%分位（47.5%）,2026-09-29_半导体-OpenRouter平台token.md
2026-09-28,7日,148.94,T,13.2,高于历史70%分位（12.5%）,2026-09-29_半导体-OpenRouter平台token.md
2026-09-29,1日,24.94,T,4.2,正常区间（30%分位 -2.8%）,2026-09-30_半导体-OpenRouter平台token.md
2026-09-29,30日,565.84,T,55.0,高于历史70%分位（47.6%）,2026-09-30_半导体-OpenRouter平台token.md
2026-09-29,7日,153.42,T,14.2,高于历史70%分位（12.6%）,2026-09-30_半导体-OpenRouter平台token.md
2026-09-30,1日,24.38,T,-2.2,正常区间（30%分位 -2.8%）,2026-10-01_半导体-OpenRouter平台token.md
2026-09-30,30日,575.90,T,54.7,高于历史70%分位（47.8%）,2026-10-01_半导体-OpenRouter平台token.md
2026-09-30,7日,157.96,T,16.3,高于历史70%分位（12.6%）,2026-10-01_半导体-OpenRouter平台token.md
2026-10-02,1日,24.06,T,2.6,正常区间（30%分位 -2.8%）,2026-10-03_半导体-OpenRouter平台token.md
2026-10-02,30日,588.72,T,50.7,高于历史70%分位（48.0%）,2026-10-03_半导体-OpenRouter平台token.md
2026-10-02,7日,161.14,T,14.6,高于历史70%分位（12.6%）,2026-10-03_半导体-OpenRouter平台token.md
2026-10-03,1日,22.32,T,-7.2,低于历史30%分位（-2.8%）,2026-10-04_半导体-OpenRouter平台token.md
2026-10-03,30日,592.47,T,48.4,高于历史70%分位（48.4%）,2026-10-04_半导体-OpenRouter平台token.md
2026-10-03,7日,163.60,T,14.7,高于历史70%分位（12.6%）,2026-10-04_半导体-OpenRouter平台token.md
2026-10-04,1日,22.78,T,2.1,正常区间（30%分位 -2.8%）,2026-10-05_半导体-OpenRouter平台token.md
2026-10-04,30日,596.98,T,46.8,正常区间（30%分位 17.3%）,2026-10-05_半导体-OpenRouter平台token.md
2026-10-04,7日,165.86,T,13.7,高于历史70%分位（12.7%）,2026-10-05_半导体-OpenRouter平台token.md
2026-10-05,1日,25.87,T,13.6,高于历史70%分位（4.5%）,2026-10-06_半导体-OpenRouter平台token.md
2026-10-05,30日,607.51,T,47.8,正常区间（30%分位 17.4%）,2026-10-06_半导体-OpenRouter平台token.md
2026-10-05,7日,167.79,T,12.7,正常区间（30%分位 1.2%）,2026-10-06_半导体-OpenRouter平台token.md
