date,value,unit,chg_7d_pct,chg_30d_pct,chg_90d_pct,note_date,source
2026-09-15,0.9527,USD/M tokens,-2.15,-7.77,-42.47,2026-09-16,2026-09-17_半导体-SiliconData-LLMToken.md
2026-09-16,0.9485,USD/M tokens,-2.67,-9.77,-43.20,2026-09-17,2026-09-18_半导体-SiliconData-LLMToken.md
2026-09-17,0.9551,USD/M tokens,-2.08,-10.55,-43.20,2026-09-18,2026-09-19_半导体-SiliconData-LLMToken.md
2026-09-18,1.0093,USD/M tokens,2.31,-5.76,-40.15,2026-09-19,2026-09-20_半导体-SiliconData-LLMToken.md
2026-09-19,1.0088,USD/M tokens,3.36,-4.93,-40.01,2026-09-20,2026-09-21_半导体-SiliconData-LLMToken.md
2026-09-20,0.9979,USD/M tokens,3.07,-5.37,-40.60,2026-09-21,2026-09-22_半导体-SiliconData-LLMToken.md
2026-09-21,0.9959,USD/M tokens,4.36,-5.11,-41.06,2026-09-22,2026-09-23_半导体-SiliconData-LLMToken.md
2026-09-22,0.9649,USD/M tokens,1.28,-8.21,-43.45,2026-09-23,2026-09-24_半导体-SiliconData-LLMToken.md
2026-09-23,0.9582,USD/M tokens,1.02,-9.27,-44.27,2026-09-24,2026-09-25_半导体-SiliconData-LLMToken.md
2026-09-24,0.9615,USD/M tokens,0.67,-9.67,-44.35,2026-09-25,2026-09-26_半导体-SiliconData-LLMToken.md
2026-09-25,0.9732,USD/M tokens,-3.58,-8.85,-43.40,2026-09-26,2026-09-27_半导体-SiliconData-LLMToken.md
2026-09-26,0.9938,USD/M tokens,-1.49,-6.19,-41.76,2026-09-27,2026-09-28_半导体-SiliconData-LLMToken.md
2026-09-27,0.9961,USD/M tokens,-0.18,-4.64,-41.62,2026-09-28,2026-09-29_半导体-SiliconData-LLMToken.md
2026-09-28,1.0047,USD/M tokens,0.88,-1.33,-40.54,2026-09-29,2026-09-30_半导体-SiliconData-LLMToken.md
2026-09-29,1.0063,USD/M tokens,4.29,1.64,-39.20,2026-09-30,2026-10-01_半导体-SiliconData-LLMToken.md
2026-09-30,0.9824,USD/M tokens,2.53,0.90,-39.62,2026-10-01,2026-10-02_半导体-SiliconData-LLMToken.md
2026-10-01,0.9683,USD/M tokens,0.71,-0.54,-40.25,2026-10-02,2026-10-03_半导体-SiliconData-LLMToken.md
2026-10-02,0.9374,USD/M tokens,-3.68,-3.72,-42.33,2026-10-03,2026-10-04_半导体-SiliconData-LLMToken.md
2026-10-03,0.9536,USD/M tokens,-4.05,-2.05,-41.51,2026-10-04,2026-10-05_半导体-SiliconData-LLMToken.md
2026-10-04,0.9554,USD/M tokens,-4.09,-1.87,-41.69,2026-10-05,2026-10-06_半导体-SiliconData-LLMToken.md
2026-10-05,0.9762,USD/M tokens,-2.84,0.27,-40.54,2026-10-06,2026-10-07_半导体-SiliconData-LLMToken.md
